Govregion,County,District,PrivateBEV,PrivatePHEV,PrivateHEV,PrivateTotalEV,PrivateTotalCar,CompanyBEV,CompanyPHEV,CompanyHEV,CompanyTotalEV,CompanyTotalCar,TotalCars,PBEV1k,PPHEV1k,PHEV1k,PPEV1k,CBEV1k,CPHEV1k,CHEV1k,CPEV1k,TBEV1k,TPHEV1k,THEV1k,TPEV1k,TCC1k
Scotland,Aberdeen City UA,Aberdeen City UA,77,51,507,635,89544,19,61,32,112,4820,94364,0.859912445,0.569552399,5.662020906,1.429464844,3.941908714,12.65560166,6.639004149,16.59751037,1.01733712,1.186893307,5.711924039,2.204230427,51.07880124
Scotland,Aberdeenshire UA,Aberdeenshire UA,109,90,495,694,138704,18,45,24,87,5705,144409,0.785846118,0.648863767,3.568750721,1.434709886,3.155127082,7.887817704,4.206836109,11.04294479,0.879446572,0.934844781,3.593958825,1.814291353,39.50584797
South East,West Sussex,Adur,21,10,140,171,29620,3,9,7,19,1209,30829,0.708980419,0.337609723,4.726536124,1.046590142,2.481389578,7.444168734,5.789909016,9.925558313,0.778487787,0.616302832,4.768237698,1.394790619,39.21632229
North West,Cumbria,Allerdale,34,15,191,240,47812,1,10,21,32,2550,50362,0.711118548,0.313728771,3.994813018,1.024847319,0.392156863,3.921568627,8.235294118,4.31372549,0.694968429,0.49640602,4.209523053,1.191374449,50.63341408
East Midlands,Derbyshire,Amber Valley,41,22,382,445,62997,11,15,51,77,3692,66689,0.650824642,0.349222979,6.063780815,1.000047621,2.979414951,4.06283857,13.81365114,7.042253521,0.779738788,0.554814137,6.492824904,1.334552925,55.36145391
Wales,Anglesey,Anglesey,22,19,81,122,36553,9,12,2,23,1581,38134,0.601865784,0.519793177,2.215960386,1.121658961,5.69259962,7.590132827,1.265022138,13.28273245,0.812922851,0.812922851,2.176535375,1.625845702,41.4590654
Scotland,Angus UA,Angus UA,47,20,225,292,55940,12,12,11,35,2657,58597,0.840185913,0.357525921,4.022166607,1.197711834,4.516371848,4.516371848,4.140007527,9.032743696,1.006877485,0.546103043,4.027509941,1.552980528,45.34361827
Scotland,Argyll and Bute UA,Argyll and Bute UA,25,17,227,269,40367,5,5,24,34,1832,42199,0.61931776,0.421136076,5.623405257,1.040453836,2.729257642,2.729257642,13.10043668,5.458515284,0.71091732,0.521339368,5.948008247,1.232256689,43.41335103
South East,West Sussex,Arun,51,36,515,602,82573,10,47,23,80,2490,85063,0.617635305,0.435977862,6.236905526,1.053613167,4.016064257,18.87550201,9.236947791,22.89156627,0.71711555,0.975747387,6.324724028,1.692862937,29.27242162
East Midlands,Nottinghamshire,Ashfield,41,17,276,334,55967,1,24,17,42,2592,58559,0.732574553,0.303750424,4.931477478,1.036324977,0.385802469,9.259259259,6.558641975,9.645061728,0.717225362,0.700148568,5.003500743,1.417373931,44.26305094
South East,Kent,Ashford,52,44,478,574,64411,12,12,34,58,2993,67404,0.807315521,0.683113133,7.421092671,1.490428653,4.009355162,4.009355162,11.35983963,8.018710324,0.949498546,0.830811228,7.595988369,1.780309774,44.40389294
South East,Buckinghamshire,Aylesbury Vale,120,76,869,1065,102724,23,42,76,141,3808,106532,1.168178809,0.739846579,8.459561544,1.908025388,6.039915966,11.02941176,19.95798319,17.06932773,1.342319679,1.107648406,8.8705741,2.449968085,35.74512822
East of England,Suffolk,Babergh,52,31,228,311,51175,3,12,8,23,1594,52769,1.016121153,0.605764533,4.45530044,1.621885686,1.882057716,7.528230866,5.018820577,9.410288582,1.042278611,0.814872368,4.472322765,1.857150979,30.20712919
London,Greater London,Barking and Dagenham,40,20,1261,1321,59621,6,4,187,197,3282,62903,0.670904547,0.335452274,21.15026585,1.006356821,1.828153565,1.218769043,56.97745277,3.046922608,0.731284676,0.381539831,23.01956981,1.112824508,52.17557191
London,Greater London,Barnet,430,185,4202,4817,134945,75,61,1208,1344,7181,142126,3.186483382,1.370928897,31.13861203,4.557412279,10.44422782,8.49463863,168.2216961,18.93886645,3.553185202,1.730858534,38.06481573,5.284043736,50.52558997
Yorkshire and Humberside,South Yorkshire Metropolitan Area,Barnsley,54,29,538,621,103712,15,49,56,120,5348,109060,0.520672632,0.279620488,5.187442147,0.800293119,2.804786836,9.162303665,10.47120419,11.9670905,0.632679259,0.715202641,5.446543187,1.3478819,49.03722721
North West,Cumbria,Barrow-in-Furness,11,4,66,81,28085,3,7,3,13,1596,29681,0.39166815,0.142424782,2.350008902,0.534092932,1.879699248,4.385964912,1.879699248,6.26566416,0.471682221,0.370607459,2.324719518,0.84228968,53.77177319
East of England,Essex,Basildon,53,25,423,501,85312,36,53,64,153,4297,89609,0.621249062,0.293042011,4.958270818,0.914291073,8.377938096,12.33418664,14.89411217,20.71212474,0.993203808,0.870448281,5.434721959,1.863652089,47.9527726
South East,Hampshire,Basingstoke and Deane,85,61,627,773,93393,27,28,32,87,2908,96301,0.910132451,0.653153877,6.713565256,1.563286328,9.284731774,9.628610729,11.00412655,18.9133425,1.163020114,0.924185626,6.843127278,2.08720574,30.19698653
East Midlands,Nottinghamshire,Bassetlaw,31,20,333,384,56332,2,19,40,61,2860,59192,0.550308883,0.355037989,5.911382518,0.905346872,0.699300699,6.643356643,13.98601399,7.342657343,0.557507771,0.658872821,6.301527233,1.216380592,48.31734018
South West,Bath and North East Somerset UA,Bath and North East Somerset UA,72,56,597,725,83698,18,21,113,152,7157,90855,0.860235609,0.66907214,7.132786924,1.529307749,2.51502026,2.934190303,15.7887383,5.449210563,0.990589401,0.847504265,7.814649717,1.838093666,78.77387045
East of England,Bedford UA,Bedford UA,77,34,672,783,82847,697,25,761,1483,30760,113607,0.929424119,0.410395066,8.111337767,1.339819185,22.65929779,0.812743823,24.73992198,23.47204161,6.812960469,0.519334196,12.61365937,7.332294665,270.7579639
London,Greater London,Bexley,47,35,1109,1191,101339,9,26,140,175,4420,105759,0.463789854,0.345375423,10.94346698,0.809165277,2.036199095,5.882352941,31.67420814,7.918552036,0.529505763,0.576783063,11.80986961,1.106288826,41.79313344
West Midlands,West Midlands Metropolitan Area,Birmingham,209,105,2608,2922,363515,373,7590,4155,12118,264279,627794,0.574941887,0.288846402,7.174394454,0.863788289,1.411387208,28.71964855,15.72202105,30.13103576,0.92705569,12.25720539,10.77264198,13.18426108,420.9645202
East Midlands,Leicestershire,Blaby,44,21,297,362,51886,11,27,43,81,3036,54922,0.848012951,0.404733454,5.724087422,1.252746406,3.623188406,8.893280632,14.16337286,12.51646904,1.001420196,0.873966716,6.190597575,1.875386912,55.27839481
North West,Blackburn with Darwen UA,Blackburn with Darwen UA,30,16,423,469,53056,15,26,33,74,4091,57147,0.56544029,0.301568154,7.972708082,0.867008444,3.666585187,6.355414324,8.066487411,10.02199951,0.78744291,0.734946716,7.979421492,1.522389627,71.58730992
North West,Blackpool UA,Blackpool UA,56,8,340,404,52699,40,7,63,110,3234,55933,1.06263876,0.151805537,6.451735327,1.214444297,12.3685838,2.164502165,19.48051948,14.53308596,1.716339192,0.268177999,7.205048898,1.98451719,57.81917651
Wales,Blaenau Gwent UA,Blaenau Gwent UA,4,3,38,45,30670,0,4,3,7,1598,32268,0.130420606,0.097815455,1.238995761,0.228236061,0,2.503128911,1.877346683,2.503128911,0.12396182,0.216933185,1.270608653,0.340895004,49.52274699
East Midlands,Derbyshire,Bolsover,17,13,178,208,36770,2,13,103,118,2332,39102,0.462333424,0.353549089,4.84090291,0.815882513,0.857632933,5.574614065,44.16809605,6.432246998,0.485908649,0.664927625,7.18633318,1.150836274,59.63889315
North West,Manchester Metropolitan Area,Bolton,68,26,1427,1521,111634,18,28,246,292,7608,119242,0.609133418,0.232903954,12.78284394,0.842037372,2.365930599,3.680336488,32.33438486,6.046267087,0.721222388,0.452860569,14.03029134,1.174082957,63.80302242
East Midlands,Lincolnshire,Boston,11,9,139,159,31799,8,15,15,38,1942,33741,0.345922828,0.283027768,4.371206642,0.628950596,4.11946447,7.723995881,7.723995881,11.84346035,0.563113126,0.711300791,4.564180078,1.274413918,57.55608903
South West,Bournemouth UA,Bournemouth UA,76,19,486,581,82899,30,13,47,90,2734,85633,0.916778248,0.229194562,5.86255564,1.14597281,10.97293343,4.75493782,17.19092904,15.72787125,1.237840552,0.373687714,6.224235984,1.611528266,31.92694405
South East,Bracknell Forest UA,Bracknell Forest UA,41,43,682,766,64353,8,13,123,144,17336,81689,0.637110935,0.668189517,10.59779653,1.305300452,0.461467467,0.749884633,7.095062298,1.2113521,0.599835963,0.685526815,9.854447967,1.285362778,212.2195155
Yorkshire and Humberside,West Yorkshire Metropolitan Area,Bradford,101,59,1600,1760,183946,42,64,172,278,11435,195381,0.549074185,0.320746306,8.698204908,0.869820491,3.672933975,5.596851771,15.04153913,9.269785746,0.731903307,0.629539208,9.069459159,1.361442515,58.52667353
East of England,Essex,Braintree,57,29,320,406,79652,8,20,28,56,3259,82911,0.715612916,0.364083764,4.017476021,1.079696681,2.454740718,6.136851795,8.591592513,8.591592513,0.783973176,0.590995163,4.197271773,1.37496834,39.30720893
East of England,Norfolk,Breckland,33,17,272,322,72157,5,21,32,58,5116,77273,0.457336087,0.235597378,3.769558047,0.692933465,0.977326036,4.104769351,6.25488663,5.082095387,0.49176297,0.49176297,3.934103762,0.98352594,66.20682515
London,Greater London,Brent,127,87,2905,3119,85990,32,76,1671,1779,7142,93132,1.47691592,1.011745552,33.78299802,2.488661472,4.480537665,10.64127695,233.9680762,15.12181462,1.70725422,1.750204012,49.1345617,3.457458231,76.68685307
East of England,Essex,Brentwood,28,34,291,353,40270,94,12,43,149,12162,52432,0.69530668,0.844300968,7.226222995,1.539607648,7.728991942,0.986679822,3.535602697,8.715671765,2.326823314,0.877326823,6.37015563,3.204150137,231.9575832
Wales,Bridgend UA,Bridgend UA,38,18,254,310,66209,9,73,73,155,6866,73075,0.573940099,0.271866363,3.83633645,0.845806461,1.310806874,10.6321002,10.6321002,11.94290708,0.64317482,1.245295929,4.474854601,1.888470749,93.95826206
South East,Brighton and Hove UA,Brighton and Hove UA,90,55,635,780,89653,17,11,23,51,3732,93385,1.003870478,0.613476403,7.082863931,1.617346882,4.555198285,2.947481243,6.162915327,7.502679528,1.145794292,0.70675162,7.046099481,1.852545912,39.96359158
South West,"Bristol, City of UA","Bristol, City of UA",110,46,941,1097,171574,130,405,812,1347,93785,265359,0.641122781,0.26810589,5.484513971,0.909228671,1.386149171,4.318387802,8.658100976,5.704536973,0.904435124,1.699584337,6.606144883,2.60401946,353.426867
East of England,Norfolk,Broadland,42,23,402,467,71380,8,25,71,104,3384,74764,0.588400112,0.322219109,5.631829644,0.910619221,2.364066194,7.387706856,20.98108747,9.75177305,0.668771066,0.642020224,6.326574287,1.31079129,45.26242577
London,Greater London,Bromley,144,140,1741,2025,143622,32,35,196,263,5680,149302,1.002631909,0.974781022,12.12209829,1.977412931,5.633802817,6.161971831,34.50704225,11.79577465,1.17881877,1.172120936,12.9737043,2.350939706,38.04369667
West Midlands,Worcestershire,Bromsgrove,58,42,329,429,54349,20,31,79,130,3265,57614,1.067176949,0.772783308,6.053469245,1.839960257,6.125574273,9.494640123,24.19601838,15.6202144,1.353837609,1.267053147,7.081612108,2.620890756,56.67025376
East of England,Hertfordshire,Broxbourne,30,20,340,390,48772,2,2,67,71,1844,50616,0.615107029,0.410071352,6.971212991,1.025178381,1.084598698,1.084598698,36.3340564,2.169197397,0.632211159,0.434645171,8.040935673,1.06685633,36.43116801
East Midlands,Nottinghamshire,Broxtowe,49,17,423,489,51169,6,15,22,43,2017,53186,0.957611054,0.332232406,8.266723993,1.28984346,2.974714923,7.436787308,10.90728805,10.41150223,1.03410672,0.601662092,8.36686346,1.635768811,37.92351371
North West,Lancashire,Burnley,16,10,108,134,33678,5,10,17,32,2103,35781,0.475087594,0.296929746,3.206841261,0.772017341,2.377555873,4.755111745,8.083689967,7.132667618,0.586903664,0.55895587,3.49347419,1.145859534,58.77420978
North West,Manchester Metropolitan Area,Bury,53,22,778,853,80742,33,83,554,670,19676,100418,0.656411781,0.272472815,9.635629536,0.928884595,1.677170157,4.21833706,28.15612929,5.895507217,0.856420164,1.04562927,13.26455416,1.902049433,195.9409668
Wales,Caerphilly UA,Caerphilly UA,37,10,212,259,80543,7,12,15,34,4718,85261,0.459381945,0.124157282,2.632134388,0.583539227,1.483679525,2.543450615,3.179313268,4.02713014,0.516062444,0.258031222,2.662413061,0.774093665,55.33596838
Yorkshire and Humberside,West Yorkshire Metropolitan Area,Calderdale,73,35,396,504,85592,11,39,39,89,4074,89666,0.852883447,0.408916721,4.626600617,1.261800168,2.700049092,9.572901325,9.572901325,12.27295042,0.936809939,0.825284946,4.851337185,1.762094885,45.43528205
East of England,Cambridgeshire,Cambridge,47,33,445,525,38493,18,11,39,68,1643,40136,1.221001221,0.85729873,11.56054348,2.078299951,10.95556908,6.695069994,23.73706634,17.65063907,1.619493721,1.096272673,12.0589994,2.715766394,40.93581822
London,Greater London,Camden,277,133,1425,1835,39980,67,64,921,1052,7828,47808,6.928464232,3.326663332,35.64282141,10.25512756,8.559018906,8.175779254,117.6545733,16.73479816,7.195448461,4.120649264,49.07128514,11.31609772,163.7382865
West Midlands,Staffordshire,Cannock Chase,27,11,167,205,47290,7,38,159,204,3597,50887,0.570945232,0.232607317,3.531401988,0.803552548,1.946066166,10.56435919,44.20350292,12.51042535,0.668147071,0.962917838,6.406351327,1.631064909,70.68602983
South East,Kent,Canterbury,66,31,538,635,67064,16,32,48,96,3302,70366,0.984134558,0.46224502,8.022187761,1.446379578,4.845548153,9.691096305,14.53664446,14.53664446,1.165335531,0.895318762,8.327885627,2.060654293,46.92607225
Wales,Cardiff UA,Cardiff UA,89,39,795,923,132226,25,26,97,148,8780,141006,0.673090013,0.294949556,6.012433258,0.968039569,2.84738041,2.961275626,11.04783599,5.808656036,0.808476235,0.460973292,6.325971944,1.269449527,62.26685389
North West,Cumbria,Carlisle,18,16,249,283,48023,14,57,58,129,4131,52154,0.374820399,0.333173688,5.185015513,0.707994086,3.389009925,13.79811184,14.04018397,17.18712176,0.613567512,1.399700886,5.886413314,2.013268397,79.20773095
Wales,Carmarthenshire UA,Carmarthenshire UA,59,33,259,351,93302,20,22,20,62,5356,98658,0.632355148,0.353690167,2.77593192,0.986045315,3.734129948,4.107542942,3.734129948,7.84167289,0.800746011,0.5574814,2.827951104,1.358227412,54.28855237
East of England,Essex,Castle Point,30,11,248,289,47242,3,10,23,36,1493,48735,0.635028153,0.232843656,5.249566064,0.867871809,2.009377093,6.697923644,15.40522438,8.707300737,0.677131425,0.430901816,5.560685339,1.108033241,30.6350672
East of England,Central Bedfordshire UA,Central Bedfordshire UA,148,70,1035,1253,148735,46,46,76,168,5792,154527,0.995058325,0.470635694,6.958684909,1.46569402,7.94198895,7.94198895,13.12154696,15.8839779,1.255444032,0.750677875,7.189682062,2.006121907,37.48212287
Wales,Ceredigion UA,Ceredigion UA,16,10,77,103,35351,1,4,2,7,1612,36963,0.452603887,0.282877429,2.178156205,0.735481316,0.620347395,2.481389578,1.240694789,3.101736973,0.459919379,0.378757136,2.137272408,0.838676514,43.61117875
East Midlands,Leicestershire,Charnwood,60,22,640,722,82249,11,45,45,101,3512,85761,0.729492152,0.267480456,7.78124962,0.996972608,3.132118451,12.81321185,12.81321185,15.9453303,0.827882138,0.78124089,7.987313581,1.609123028,40.95101503
East of England,Essex,Chelmsford,89,28,508,625,90137,15,13,46,74,3816,93953,0.987385868,0.310638251,5.635865405,1.298024119,3.93081761,3.406708595,12.05450734,7.337526205,1.106936447,0.436388407,5.896565304,1.543324854,40.61605271
South West,Gloucestershire,Cheltenham,35,30,411,476,54426,10,18,65,93,1965,56391,0.643075001,0.551207144,7.551537868,1.194282145,5.089058524,9.160305344,33.07888041,14.24936387,0.797999681,0.85119966,8.44106329,1.64919934,34.84598606
South East,Oxfordshire,Cherwell,55,49,421,525,76018,47,139,75,261,27670,103688,0.723512852,0.644584177,5.538162014,1.36809703,1.698590531,5.023491146,2.710516805,6.722081677,0.983720392,1.813131703,4.783581514,2.796852095,266.8582671
North West,Cheshire East UA,Cheshire East UA,202,127,1303,1632,200754,56,184,146,386,10474,211228,1.006206601,0.632615041,6.490530699,1.638821642,5.346572465,17.56730953,13.93927821,22.91388199,1.221428977,1.472342682,6.859886,2.693771659,49.5862291
North West,Cheshire West and Chester UA,Cheshire West and Chester UA,167,64,947,1178,172526,32,85,138,255,9557,182083,0.967970045,0.37095858,5.489027741,1.338928625,3.348331066,8.894004395,14.43967772,12.24233546,1.092908179,0.818308134,5.958820977,1.911216313,52.48705261
East Midlands,Derbyshire,Chesterfield,28,17,212,257,46587,20,114,183,317,9179,55766,0.601026037,0.364908666,4.550625711,0.965934703,2.178886589,12.41965356,19.93681229,14.59854015,0.860739519,2.349101603,7.083168956,3.209841122,164.5985009
South East,West Sussex,Chichester,70,43,462,575,66312,6,11,34,51,2578,68890,1.055615876,0.648449753,6.967064785,1.704065629,2.32738557,4.266873545,13.18851823,6.594259116,1.103208013,0.783858325,7.199883873,1.887066338,37.42197706
South East,Buckinghamshire,Chiltern,77,54,559,690,56581,16,23,21,60,1819,58400,1.360880861,0.95438398,9.879641576,2.315264842,8.796041781,12.64431006,11.54480484,21.44035184,1.592465753,1.318493151,9.931506849,2.910958904,31.14726027
North West,Lancashire,Chorley,80,20,324,424,55969,15,13,21,49,2399,58368,1.429362683,0.357340671,5.788918866,1.786703354,6.252605252,5.418924552,8.753647353,11.6715298,1.627604167,0.565378289,5.910773026,2.192982456,41.10128838
South West,Dorset,Christchurch,20,12,168,200,26768,7,41,10,58,1027,27795,0.747160789,0.448296473,6.276150628,1.195457262,6.815968841,39.92210321,9.737098345,46.73807205,0.971397733,1.906817773,6.404029502,2.878215506,36.94909156
London,Greater London,City of London,10,7,32,49,1470,37,31,76,144,1138,2608,6.802721088,4.761904762,21.76870748,11.56462585,32.51318102,27.24077329,66.78383128,59.75395431,18.02147239,14.57055215,41.41104294,32.59202454,436.3496933
Scotland,Clackmannanshire UA,Clackmannanshire UA,19,7,98,124,24266,2,5,9,16,1151,25417,0.782988544,0.288469463,4.038572488,1.071458007,1.737619461,4.344048653,7.819287576,6.081668115,0.826218673,0.472124956,4.209780855,1.298343628,45.284652
East of England,Essex,Colchester,64,28,434,526,85899,15,22,33,70,3734,89633,0.74506106,0.325964214,5.052445314,1.071025274,4.017139796,5.891805035,8.837707552,9.908944831,0.881371816,0.557830263,5.21013466,1.43920208,41.65876407
Wales,Conwy UA,Conwy UA,36,17,270,323,57198,13,4,22,39,3346,60544,0.629392636,0.297213189,4.720444771,0.926605825,3.885236103,1.195457262,6.575014943,5.080693365,0.809328753,0.34685518,4.822938689,1.156183932,55.26559197
North West,Cumbria,Copeland,30,13,140,183,33088,4,4,8,16,1407,34495,0.906673114,0.392891683,4.231141199,1.299564797,2.842928216,2.842928216,5.685856432,5.685856432,0.985650094,0.492825047,4.290476881,1.478475141,40.78852008
East Midlands,Northamptonshire,Corby,14,21,105,140,30545,7,15,14,36,1310,31855,0.458340154,0.687510231,3.437551154,1.145850385,5.34351145,11.45038168,10.6870229,16.79389313,0.659237168,1.13012086,3.735677288,1.789358029,41.12384241
South West,Cornwall UA,Cornwall UA,262,109,872,1243,279505,66,52,51,169,12946,292451,0.937371424,0.389975135,3.119801077,1.327346559,5.098099799,4.01668469,3.939440754,9.114784489,1.121555406,0.550519574,3.156084267,1.67207498,44.26724477
South West,Gloucestershire,Cotswold,47,317,323,687,52142,10,224,14,248,2022,54164,0.90138468,6.079551993,6.194622377,6.980936673,4.945598417,110.7814045,6.923837784,115.727003,1.052359501,9.988184034,6.221844768,11.04054353,37.33106861
North East,County Durham,County Durham,271,97,839,1207,222561,77,66,80,223,11516,234077,1.217643702,0.435835569,3.769753012,1.653479271,6.686349427,5.731156652,6.946856547,12.41750608,1.486690277,0.696352055,3.926058519,2.183042332,49.1974863
West Midlands,West Midlands Metropolitan Area,Coventry,64,31,597,692,127485,66,37,65,168,6846,134331,0.502019845,0.243165863,4.682903871,0.745185708,9.640666082,5.404615834,9.494595384,15.04528192,0.967758745,0.506212267,4.928125302,1.473971012,50.96366438
Yorkshire and Humberside,North Yorkshire,Craven,18,17,139,174,28737,0,15,13,28,1307,30044,0.626370185,0.591571841,4.83696976,1.217942026,0,11.47666412,9.946442234,11.47666412,0.599121289,1.065104513,5.059246439,1.664225802,43.50286247
South East,West Sussex,Crawley,37,7,360,404,49518,20,20,35,75,2320,51838,0.747203037,0.141362737,7.270083606,0.888565774,8.620689655,8.620689655,15.0862069,17.24137931,1.099579459,0.520853428,7.619892743,1.620432887,44.75481307
London,Greater London,Croydon,74,75,2620,2769,134452,26,51,245,322,6320,140772,0.550382293,0.557819891,19.4865082,1.108202184,4.113924051,8.069620253,38.76582278,12.1835443,0.710368539,0.895064359,20.35205865,1.605432899,44.89529168
East of England,Hertfordshire,Dacorum,92,58,662,812,78252,13,45,38,96,2799,81051,1.1756888,0.741195113,8.459847672,1.916883914,4.644515899,16.07717042,13.57627724,20.72168632,1.295480623,1.270804802,8.636537489,2.566285425,34.53381204
North East,Darlington UA,Darlington UA,31,20,203,254,45340,13,22,31,66,5449,50789,0.683722982,0.441111601,4.477282753,1.124834583,2.385758855,4.037438062,5.689117269,6.423196917,0.866329323,0.826950718,4.607296856,1.693280041,107.287011
South East,Kent,Dartford,27,23,448,498,49533,27,19,77,123,3726,53259,0.545091151,0.464336907,9.0444754,1.009428058,7.246376812,5.099302201,20.66559313,12.34567901,1.013913141,0.78859911,9.857488875,1.802512251,69.96000676
East Midlands,Northamptonshire,Daventry,40,33,248,321,46051,13,13,10,36,1694,47745,0.868602202,0.716596817,5.385333652,1.585199018,7.674144038,7.674144038,5.903187721,15.34828808,1.110063881,0.96345167,5.403707194,2.073515551,35.48015499
Wales,Denbighshire UA,Denbighshire UA,27,12,161,200,46584,3,5,6,14,2322,48906,0.579598145,0.257599176,3.456122274,0.837197321,1.291989664,2.153316107,2.583979328,3.445305771,0.613421666,0.347605611,3.414713941,0.961027277,47.47883695
East Midlands,Derby UA,Derby UA,86,29,662,777,100946,34,260,293,587,15273,116219,0.851940642,0.287282309,6.557961682,1.139222951,2.226150723,17.02350553,19.18418123,19.24965626,1.032533407,2.486684621,8.217245029,3.519218028,131.4156893
East Midlands,Derbyshire,Derbyshire Dales,36,33,232,301,40039,2,11,13,26,1467,41506,0.899123355,0.824196409,5.794350508,1.723319763,1.363326517,7.498295842,8.861622359,8.861622359,0.915530285,1.060087698,5.902761047,1.975617983,35.34428757
Yorkshire and Humberside,South Yorkshire Metropolitan Area,Doncaster,89,51,740,880,133312,276,276,91,643,10296,143608,0.667606817,0.38256121,5.550888142,1.050168027,26.80652681,26.80652681,8.838383838,53.61305361,2.541641134,2.27703192,5.786585706,4.818673054,71.69517019
South East,Kent,Dover,37,9,243,289,53336,2,6,12,20,2174,55510,0.693715314,0.168741563,4.556022199,0.862456877,0.919963201,2.759889604,5.519779209,3.679852806,0.702576112,0.270221582,4.593766889,0.972797694,39.16411457
West Midlands,West Midlands Metropolitan Area,Dudley,111,40,667,818,146953,35,71,90,196,6902,153855,0.755343545,0.272195872,4.538866168,1.027539417,5.070993915,10.28687337,13.03969864,15.35786728,0.948945436,0.721458516,4.920217088,1.670403952,44.86042053
Scotland,Dumfries and Galloway UA,Dumfries and Galloway UA,19,28,274,321,71271,4,25,16,45,4189,75460,0.266588093,0.392866664,3.844480925,0.659454757,0.954881833,5.968011459,3.819527333,6.922893292,0.304797244,0.702358866,3.84309568,1.007156109,55.51285449
Scotland,Dundee City UA,Dundee City UA,54,14,187,255,51319,89,14,33,136,3492,54811,1.05224186,0.272803445,3.643874588,1.325045305,25.48682703,4.009163803,9.450171821,29.49599084,2.608965354,0.510846363,4.013792852,3.119811717,63.70983927
London,Greater London,Ealing,126,77,2674,2877,108479,54,99,858,1011,9332,117811,1.161515132,0.709814803,24.64993224,1.871329935,5.786540934,10.60865838,91.94170596,16.39519931,1.527870912,1.493918225,29.98022256,3.021789137,79.21161861
Scotland,East Ayrshire UA,East Ayrshire UA,30,12,194,236,52835,6,14,14,34,3043,55878,0.567805432,0.227122173,3.67180846,0.794927605,1.971738416,4.600722971,4.600722971,6.572461387,0.644260711,0.465299402,3.722395218,1.109560113,54.4579262
East of England,Cambridgeshire,East Cambridgeshire,58,18,241,317,47116,2,25,22,49,1767,48883,1.23100433,0.382035826,5.115035232,1.613040156,1.131861913,14.14827391,12.45048104,15.28013582,1.227420576,0.879651413,5.380193523,2.107071988,36.14753595
South West,Devon,East Devon,52,54,472,578,76267,10,20,27,57,2623,78890,0.681815202,0.708038863,6.18878414,1.389854065,3.812428517,7.624857034,10.293557,11.43728555,0.785904424,0.938014958,6.325263024,1.723919381,33.24882748
South West,Dorset,East Dorset,74,44,338,456,55615,5,15,27,47,1879,57494,1.330576283,0.791153466,6.077497078,2.121729749,2.660989888,7.982969665,14.3693454,10.64395955,1.374056423,1.026194038,6.348488538,2.400250461,32.68167113
Scotland,East Dunbartonshire UA,East Dunbartonshire UA,32,17,362,411,52934,3,7,18,28,3515,56449,0.604526391,0.321154645,6.838704802,0.925681037,0.853485064,1.991465149,5.120910384,2.844950213,0.620028698,0.425162536,6.731740155,1.045191235,62.26859643
South East,Hampshire,East Hampshire,94,47,506,647,71605,17,24,35,76,2746,74351,1.312757489,0.656378745,7.066545632,1.969136234,6.190823015,8.739985433,12.74581209,14.93080845,1.492918723,0.954929994,7.276297562,2.447848718,36.93292626
East of England,Hertfordshire,East Hertfordshire,97,39,602,738,78292,12,42,41,95,2785,81077,1.238951617,0.498135186,7.689163644,1.737086803,4.308797127,15.08078995,14.72172352,19.38958707,1.344401002,0.999050286,7.930732514,2.343451287,34.35006229
East Midlands,Lincolnshire,East Lindsey,38,25,303,366,71194,8,20,30,58,3827,75021,0.533752844,0.351153187,4.255976627,0.884906031,2.090410243,5.226025608,7.839038411,7.316435851,0.613161648,0.599832047,4.438757148,1.212993695,51.0123832
Scotland,East Lothian UA,East Lothian UA,35,25,227,287,47734,5,20,8,33,2231,49965,0.733229983,0.523735702,4.755520174,1.256965685,2.241147468,8.96458987,3.585835948,11.20573734,0.800560392,0.900630441,4.703292305,1.701190834,44.65125588
East Midlands,Northamptonshire,East Northamptonshire,38,26,241,305,49790,4,9,11,24,1535,51325,0.763205463,0.522193211,4.840329383,1.285398674,2.605863192,5.863192182,7.166123779,8.469055375,0.818314661,0.681928885,4.909887969,1.500243546,29.90745251
Scotland,East Renfrewshire UA,East Renfrewshire UA,50,28,324,402,45020,3,22,25,50,1833,46853,1.110617503,0.621945802,7.196801422,1.732563305,1.636661211,12.00218221,13.63884343,13.63884343,1.131197575,1.067167524,7.448829317,2.198365099,39.12236143
Yorkshire and Humberside,East Riding of Yorkshire UA,East Riding of Yorkshire UA,80,82,1121,1283,170886,9,62,117,188,7758,178644,0.468148356,0.479852065,6.559928841,0.948000421,1.160092807,7.991750451,15.0812065,9.151843259,0.498197533,0.806072412,6.929983655,1.304269945,43.42715121
West Midlands,Staffordshire,East Staffordshire,22,16,305,343,56110,10,16,38,64,2953,59063,0.392086972,0.285154161,5.435751203,0.677241133,3.386386725,5.418218761,12.86826956,8.804605486,0.541794355,0.541794355,5.807358245,1.08358871,49.99746034
South East,East Sussex,Eastbourne,24,6,506,536,42939,9,6,107,122,3282,46221,0.558932439,0.13973311,11.78415892,0.698665549,2.742230347,1.828153565,32.60207191,4.570383912,0.713961186,0.25962225,13.26236992,0.973583436,71.00668527
South East,Hampshire,Eastleigh,49,32,500,581,68742,15,50,174,239,3230,71972,0.712810218,0.465508714,7.273573652,1.178318932,4.643962848,15.47987616,53.86996904,20.12383901,0.889234702,1.139331962,9.364752959,2.028566665,44.87856389
North West,Cumbria,Eden,16,12,143,171,28460,2,5,21,28,1633,30093,0.562192551,0.421644413,5.024595924,0.983836964,1.224739743,3.061849357,12.8597673,4.2865891,0.598145748,0.564915429,5.449772372,1.163061177,54.26511149
Scotland,"Edinburgh, City of UA","Edinburgh, City of UA",135,82,1327,1544,165299,64,63,182,309,8421,173720,0.816701855,0.496070757,8.027876757,1.312772612,7.6000475,7.481296758,21.61263508,15.08134426,1.145521529,0.834676491,8.686391895,1.98019802,48.47455676
Scotland,Eilean Siar  UA,Eilean Siar  UA,9,6,25,40,12480,0,0,1,1,495,12975,0.721153846,0.480769231,2.003205128,1.201923077,0,0,2.02020202,0,0.693641618,0.462427746,2.003853565,1.156069364,38.15028902
South East,Surrey,Elmbridge,124,85,916,1125,74906,52,123,312,487,6668,81574,1.655408111,1.13475556,12.22865992,2.790163672,7.798440312,18.44631074,46.79064187,26.24475105,2.1575502,2.549832054,15.05381617,4.707382254,81.74173143
London,Greater London,Enfield,88,55,2120,2263,115245,17,23,289,329,5148,120393,0.763590611,0.477244132,18.395592,1.240834743,3.302253302,4.467754468,56.13830614,7.77000777,0.872143729,0.647878199,20.00946899,1.520021928,42.75996113
East of England,Essex,Epping Forest,81,65,764,910,69186,13,21,42,76,2827,72013,1.17075709,0.93949643,11.0426965,2.110253519,4.598514326,7.428369296,14.85673859,12.02688362,1.305319873,1.19422882,11.19242359,2.499548693,39.25680086
South East,Surrey,Epsom and Ewell,41,16,444,501,38582,8,5,26,39,1393,39975,1.062671712,0.414701156,11.50795708,1.477372868,5.743000718,3.589375449,18.66475233,9.332376167,1.225766104,0.52532833,11.75734834,1.751094434,34.84677924
East Midlands,Derbyshire,Erewash,51,14,351,416,53436,16,48,63,127,5336,58772,0.954412755,0.261995658,6.568605435,1.216408414,2.99850075,8.995502249,11.8065967,11.994003,1.139998639,1.054924114,7.044170694,2.194922752,90.79153338
South West,Devon,Exeter,28,29,221,278,46064,29,105,120,254,17306,63370,0.607849948,0.629558875,4.797672803,1.237408823,1.675719404,6.06725991,6.934011326,7.742979314,0.899479249,2.114565252,5.381095155,3.014044501,273.0945242
Scotland,Falkirk UA,Falkirk UA,38,19,361,418,74043,14,10,49,73,3740,77783,0.513215294,0.256607647,4.875545291,0.769822941,3.743315508,2.673796791,13.10160428,6.417112299,0.668526542,0.37283211,5.271074656,1.041358652,48.08248589
South East,Hampshire,Fareham,69,34,476,579,63888,3,26,61,90,1997,65885,1.080015026,0.532181317,7.450538442,1.612196344,1.50225338,13.01952929,30.54581873,14.52178267,1.092813235,0.910677696,8.150565379,2.003490931,30.31038931
East of England,Cambridgeshire,Fenland,24,15,161,200,51253,5,10,11,26,2256,53509,0.468265272,0.292665795,3.141279535,0.760931067,2.216312057,4.432624113,4.875886525,6.64893617,0.541964903,0.467211123,3.214412529,1.009176026,42.16113177
Scotland,Fife UA,Fife UA,147,49,762,958,168268,39,54,49,142,7913,176181,0.87360639,0.29120213,4.528490266,1.16480852,4.928598509,6.82421332,6.192341716,11.75281183,1.055732457,0.584626038,4.603220552,1.640358495,44.91403727
Wales,Flintshire UA,Flintshire UA,43,11,363,417,80763,8,20,37,65,3455,84218,0.532422025,0.136200983,4.494632443,0.668623008,2.315484805,5.788712012,10.70911722,8.104196816,0.605571256,0.368092332,4.749578475,0.973663587,41.02448408
East of England,Suffolk,Forest Heath,15,12,121,148,36478,3,7,18,28,1699,38177,0.411206755,0.328965404,3.317067822,0.740172159,1.765744556,4.12007063,10.59446733,5.885815185,0.471488069,0.49768185,3.640935642,0.969169919,44.50323493
South West,Gloucestershire,Forest of Dean,37,20,160,217,48086,6,7,2,15,1699,49785,0.769454727,0.415921474,3.327371792,1.185376201,3.531489111,4.12007063,1.177163037,7.651559741,0.86371397,0.542332028,3.253992166,1.406045998,34.126745
North West,Lancashire,Fylde,39,19,322,380,40836,2,17,19,38,1791,42627,0.955039671,0.465275737,7.885199334,1.420315408,1.116694584,9.491903964,10.60859855,10.60859855,0.961831703,0.844535154,7.999624651,1.806366857,42.0156239
North East,Tyne and Wear Metropolitan Area,Gateshead,108,9,251,368,71686,26,24,57,107,4394,76080,1.506570321,0.125547527,3.501381023,1.632117847,5.917159763,5.461993628,12.97223487,11.37915339,1.761303891,0.433753943,4.048370137,2.195057834,57.75499474
East Midlands,Nottinghamshire,Gedling,60,17,396,473,54260,9,12,13,34,2654,56914,1.105786952,0.313306303,7.298193881,1.419093255,3.391107762,4.521477016,4.898266767,7.912584778,1.212355484,0.509540711,7.186281056,1.721896194,46.6317602
Scotland,Glasgow City UA,Glasgow City UA,109,28,797,934,173331,67,75,152,294,19528,192859,0.628854619,0.161540636,4.598138821,0.790395255,3.430970914,3.840639082,7.783695207,7.271609996,0.912583805,0.534068931,4.920693356,1.446652736,101.2553212
South West,Gloucestershire,Gloucester,31,15,243,289,59401,53,167,58,278,6358,65759,0.521876736,0.252521001,4.090840222,0.774397737,8.335954703,26.26612142,9.122365524,34.60207612,1.277391688,2.76768199,4.577320215,4.045073678,96.68638513
South East,Hampshire,Gosport,14,18,183,215,37339,1,9,10,20,1091,38430,0.374943089,0.482069686,4.901041806,0.857012775,0.916590284,8.249312557,9.165902841,9.165902841,0.390320062,0.702576112,5.022118137,1.092896175,28.38927921
South East,Kent,Gravesham,27,17,326,370,48200,2,20,11,33,1869,50069,0.560165975,0.352697095,6.763485477,0.912863071,1.070090958,10.70090958,5.885500268,11.77100054,0.579200703,0.738980207,6.730711618,1.31818091,37.32848669
East of England,Norfolk,Great Yarmouth,20,10,139,169,43904,2,4,47,53,2014,45918,0.455539359,0.227769679,3.165998542,0.683309038,0.993048659,1.986097319,23.3366435,2.979145978,0.479114944,0.304891328,4.050699072,0.784006272,43.86079533
London,Greater London,Greenwich,57,38,1200,1295,74260,14,14,124,152,3508,77768,0.767573391,0.511715594,16.15943981,1.279288985,3.990877993,3.990877993,35.34777651,7.981755986,0.912971916,0.668655488,17.02499743,1.581627405,45.10852793
South East,Surrey,Guildford,97,68,775,940,74569,15,32,64,111,2811,77380,1.300808647,0.911907093,10.39305878,2.21271574,5.336179296,11.38384916,22.76769833,16.72002846,1.44740243,1.292323598,10.84259499,2.739726027,36.32721633
Wales,Gwynedd UA,Gwynedd UA,31,15,202,248,55568,3,10,14,27,2554,58122,0.557875036,0.269939534,3.635185718,0.82781457,1.174628034,3.915426782,5.481597494,5.090054816,0.584976429,0.430129727,3.716320842,1.015106156,43.94205292
London,Greater London,Hackney,49,34,1049,1132,39334,19,27,192,238,2563,41897,1.245741598,0.864392129,26.66903951,2.110133727,7.413187671,10.53452985,74.91221225,17.94771752,1.623027902,1.4559515,29.62025921,3.078979402,61.17383106
North West,Halton UA,Halton UA,39,10,169,218,54123,18,27,37,82,5287,59410,0.720580899,0.184764333,3.122517229,0.905345232,3.404577265,5.106865897,6.998297711,8.511443162,0.959434439,0.622790776,3.467429726,1.582225215,88.99175223
Yorkshire and Humberside,North Yorkshire,Hambleton,41,30,316,387,49498,2,6,25,33,2392,51890,0.828316296,0.606085094,6.384096327,1.43440139,0.836120401,2.508361204,10.45150502,3.344481605,0.828676045,0.693775294,6.571593756,1.522451339,46.09751397
London,Greater London,Hammersmith and Fulham,90,56,888,1034,39590,16,21,493,530,3333,42923,2.273301339,1.414498611,22.42990654,3.687799949,4.800480048,6.300630063,147.9147915,11.10111011,2.469538476,1.793910025,32.17389278,4.263448501,77.65067679
East Midlands,Leicestershire,Harborough,42,42,342,426,50354,7,23,5,35,1601,51955,0.83409461,0.83409461,6.791913254,1.66818922,4.372267333,14.36602124,3.123048095,18.73828857,0.943123857,1.251082668,6.678856703,2.194206525,30.81512848
London,Greater London,Haringey,107,68,1412,1587,59468,18,11,104,133,2631,62099,1.799287012,1.143472119,23.74386225,2.942759131,6.841505131,4.180919802,39.52869631,11.02242493,2.012914862,1.272162193,24.41263144,3.285077054,42.36783201
East of England,Essex,Harlow,18,9,224,251,39490,4,7,53,64,1694,41184,0.455811598,0.227905799,5.672322107,0.683717397,2.361275089,4.132231405,31.28689492,6.493506494,0.534188034,0.388500389,6.725912976,0.922688423,41.13247863
Yorkshire and Humberside,North Yorkshire,Harrogate,48,45,531,624,81547,24,58,151,233,7569,89116,0.588617607,0.551829007,6.511582278,1.140446614,3.170828379,7.662835249,19.94979522,10.83366363,0.807935724,1.155796939,7.652946721,1.963732663,84.93424301
London,Greater London,Harrow,110,73,3096,3279,97573,16,25,517,558,3389,100962,1.127361053,0.74815779,31.73008927,1.875518842,4.721156683,7.376807318,152.5523753,12.097964,1.247994295,0.970662229,35.78574117,2.218656524,33.56708465
South East,Hampshire,Hart,70,28,471,569,57427,9,16,30,55,1563,58990,1.218938827,0.487575531,8.201716962,1.706514357,5.75815739,10.23672425,19.19385797,15.99488164,1.339210036,0.745889134,8.492964909,2.085099169,26.49601627
North East,Hartlepool UA,Hartlepool UA,20,9,160,189,36341,1,5,7,13,1786,38127,0.550342588,0.247654165,4.402740706,0.797996753,0.559910414,2.799552072,3.9193729,3.359462486,0.550790778,0.367193852,4.380098093,0.91798463,46.84344428
South East,East Sussex,Hastings,39,9,288,336,36797,8,12,69,89,1894,38691,1.059869011,0.244585156,7.826725005,1.304454167,4.223864836,6.335797254,36.43083421,10.55966209,1.214752785,0.542761883,9.226952004,1.757514667,48.95195265
South East,Hampshire,Havant,48,27,374,449,61297,13,7,42,62,2853,64150,0.783072581,0.440478327,6.101440527,1.223550908,4.55660708,2.453557659,14.72134595,7.010164739,0.950896337,0.530007794,6.484801247,1.480904131,44.47388932
London,Greater London,Havering,65,48,850,963,110458,60,31,76,167,4960,115418,0.588458962,0.43455431,7.695232577,1.023013272,12.09677419,6.25,15.32258065,18.34677419,1.08301998,0.684468627,8.023012009,1.767488607,42.97423279
West Midlands,"Herefordshire, County of UA","Herefordshire, County of UA",81,53,423,557,100964,14,34,40,88,4337,105301,0.802266154,0.524939582,4.189612139,1.327205737,3.228037814,7.839520406,9.222965183,11.06755822,0.902175668,0.82620298,4.396919308,1.728378648,41.18669338
East of England,Hertfordshire,Hertsmere,79,45,896,1020,52403,13,24,114,151,3107,55510,1.507547278,0.858729462,17.09825773,2.36627674,4.184100418,7.72449308,36.69134213,11.9085935,1.657359034,1.243019276,18.19491983,2.90037831,55.97189696
East Midlands,Derbyshire,High Peak,30,22,277,329,44497,6,8,17,31,1630,46127,0.674202755,0.494415354,6.225138773,1.168618109,3.680981595,4.90797546,10.42944785,8.588957055,0.780453964,0.650378303,6.373707373,1.430832267,35.33722115
Scotland,Highland UA,Highland UA,45,39,267,351,109019,14,22,15,51,5645,114664,0.412772086,0.357735808,2.449114375,0.770507893,2.480070859,3.897254207,2.657218778,6.377325066,0.51454685,0.531989116,2.45935952,1.046535966,49.23079607
London,Greater London,Hillingdon,79,72,1880,2031,119054,237,38,409,684,17788,136842,0.663564433,0.604767584,15.79115359,1.268332017,13.32358894,2.136271644,22.99302901,15.45986058,2.309232546,0.803846772,16.72732056,3.113079318,129.9893308
East Midlands,Leicestershire,Hinckley and Bosworth,40,41,346,427,59908,4,21,26,51,1978,61886,0.667690459,0.68438272,5.775522468,1.352073179,2.022244692,10.61678463,13.1445905,12.63902932,0.710984714,1.001842097,6.011052581,1.712826811,31.96199464
South East,West Sussex,Horsham,80,51,654,785,81396,13,32,29,74,2583,83979,0.98284928,0.626566416,8.034792865,1.609415696,5.032907472,12.38869532,11.22725513,17.42160279,1.107419712,0.988342324,8.132985627,2.095762036,30.75768942
London,Greater London,Hounslow,84,61,2097,2242,91779,39,57,500,596,5119,96898,0.915242049,0.664640059,22.848364,1.579882108,7.618675523,11.1349873,97.67532721,18.75366282,1.269376045,1.217775393,26.80137877,2.487151438,52.82874776
East of England,Cambridgeshire,Huntingdonshire,72,49,533,654,94988,88,339,220,647,9739,104727,0.757990483,0.515854634,5.611235103,1.273845117,9.035835301,34.8085019,22.58958825,43.8443372,1.527781756,3.704870759,7.190122891,5.232652516,92.99416578
North West,Lancashire,Hyndburn,17,4,171,192,32326,5,12,26,43,2623,34949,0.52589247,0.123739405,5.289859556,0.649631875,1.906214258,4.57491422,9.912314144,6.481128479,0.629488684,0.457809952,5.63678503,1.087298635,75.05221895
Scotland,Inverclyde UA,Inverclyde UA,13,8,105,126,32344,7,3,5,15,1557,33901,0.40192926,0.247341083,3.246351719,0.649270344,4.495825305,1.926782274,3.211303789,6.422607579,0.589953099,0.324474204,3.244742043,0.914427303,45.92784874
East of England,Suffolk,Ipswich,42,16,279,337,57515,4,12,47,63,3201,60716,0.730244284,0.278188299,4.850908459,1.008432583,1.249609497,3.748828491,14.68291159,4.998437988,0.757625667,0.46116345,5.369260162,1.218789117,52.72086435
South East,Isle of Wight UA,Isle of Wight UA,54,29,244,327,67223,12,16,13,41,2735,69958,0.803296491,0.431399967,3.629710069,1.234696458,4.387568556,5.850091408,4.753199269,10.23765996,0.943423197,0.643243089,3.673632751,1.586666285,39.0948855
South West,Isles of Scilly UA,Isles of Scilly UA,1,0,2,3,493,1,0,0,1,19,512,2.028397566,0,4.056795132,2.028397566,52.63157895,0,0,52.63157895,3.90625,0,3.90625,3.90625,37.109375
London,Greater London,Islington,76,64,1017,1157,33701,79,18,279,376,2828,36529,2.255125961,1.899053441,30.17714608,4.154179401,27.93493635,6.364922207,98.6562942,34.29985856,4.24320403,2.244791809,35.47866079,6.487995839,77.41794191
London,Greater London,Kensington and Chelsea,237,146,1032,1415,39627,24,57,126,207,2297,41924,5.980770687,3.684356626,26.04284957,9.665127312,10.44841097,24.81497606,54.8541576,35.26338703,6.225550997,4.84209522,27.62141017,11.06764622,54.78961931
East Midlands,Northamptonshire,Kettering,30,18,201,249,49840,12,153,289,454,7425,57265,0.601926164,0.361155698,4.032905297,0.963081862,1.616161616,20.60606061,38.92255892,22.22222222,0.733432288,2.986117175,8.556710032,3.719549463,129.660351
East of England,Norfolk,Kings Lynn and West Norfolk,40,20,318,378,78936,9,12,24,45,3399,82335,0.506739637,0.253369819,4.028580116,0.760109456,2.647837599,3.530450132,7.060900265,6.178287732,0.595129653,0.3886561,4.15376207,0.983785753,41.28256513
Yorkshire and Humberside,"Kingston upon Hull, City of UA","Kingston upon Hull, City of UA",25,16,289,330,85265,14,36,78,128,5830,91095,0.293203542,0.187650267,3.389432944,0.480853809,2.401372213,6.174957118,13.37907376,8.576329331,0.428124485,0.570832647,4.028761183,0.998957133,63.9991218
London,Greater London,Kingston upon Thames,75,56,1172,1303,64229,11,17,127,155,1913,66142,1.167696835,0.871880303,18.2472092,2.039577138,5.750130685,8.886565604,66.38787245,14.63669629,1.300232832,1.103686009,19.63956336,2.403918841,28.92262103
Yorkshire and Humberside,West Yorkshire Metropolitan Area,Kirklees,107,57,1088,1252,175317,22,62,114,198,9791,185108,0.610323015,0.325125344,6.20590131,0.935448359,2.246961495,6.332346032,11.64334593,8.579307527,0.696890464,0.642867947,6.493506494,1.339758411,52.89344599
North West,Merseyside Metropolitan Area,Knowsley,34,4,161,199,50597,3,22,16,41,5089,55686,0.671976599,0.079056071,3.182006838,0.75103267,0.589506779,4.323049715,3.144036156,4.912556494,0.664439895,0.46690371,3.178536796,1.131343605,91.38742233
London,Greater London,Lambeth,60,60,1106,1226,61475,17,22,179,218,3166,64641,0.976006507,0.976006507,17.99105327,1.952013013,5.369551485,6.948831333,56.53821857,12.31838282,1.191194443,1.268544732,19.87902415,2.459739175,48.97820269
North West,Lancashire,Lancaster,46,19,308,373,59077,8,14,31,53,2598,61675,0.778644819,0.321614165,5.213534878,1.100258984,3.079291763,5.388760585,11.93225558,8.468052348,0.875557357,0.535062829,5.49655452,1.410620186,42.12403729
Yorkshire and Humberside,West Yorkshire Metropolitan Area,Leeds,213,122,1810,2145,287834,253,1537,1614,3404,78751,366585,0.740009867,0.423855417,6.288346755,1.163865283,3.212657617,19.51721248,20.49497784,22.7298701,1.27119222,4.525553419,9.340262149,5.796745639,214.8233016
East Midlands,Leicester UA,Leicester UA,57,33,1189,1279,110091,51,147,327,525,45089,155180,0.517753495,0.299752023,10.80015623,0.817505518,1.131096276,3.260218679,7.252323183,4.391314955,0.695965975,1.159943292,9.769300168,1.855909267,290.5593504
South East,East Sussex,Lewes,54,23,412,489,48002,8,20,33,61,3217,51219,1.124953127,0.479146702,8.582975709,1.604099829,2.486788934,6.216972334,10.25800435,8.703761268,1.210488295,0.839532205,8.68818212,2.0500205,62.80872333
London,Greater London,Lewisham,55,37,1085,1177,73904,5,6,169,180,3238,77142,0.744208703,0.500649491,14.68120805,1.244858194,1.544163064,1.852995676,52.19271155,3.39715874,0.77778642,0.557413601,16.25573617,1.335200021,41.97454046
West Midlands,Staffordshire,Lichfield,49,33,362,444,56008,7,26,28,61,2757,58765,0.874875018,0.589201543,6.463362377,1.46407656,2.538991658,9.430540443,10.15596663,11.9695321,0.952948183,1.003998979,6.63660342,1.956947162,46.9156811
East Midlands,Lincolnshire,Lincoln,12,5,195,212,35660,8,18,26,52,2500,38160,0.336511497,0.140213124,5.468311834,0.476724621,3.2,7.2,10.4,10.4,0.524109015,0.602725367,5.791404612,1.126834382,65.51362683
North West,Merseyside Metropolitan Area,Liverpool,58,21,636,715,129104,26,32,82,140,13498,142602,0.449250217,0.162659561,4.926260999,0.611909778,1.926211291,2.370721588,6.07497407,4.296932879,0.589052047,0.371663792,5.034992497,0.960715838,94.65505393
East of England,Luton UA,Luton UA,33,26,1350,1409,79026,20,22,129,171,3729,82755,0.417584086,0.329005644,17.08298535,0.74658973,5.363368195,5.899705015,34.59372486,11.26307321,0.640444686,0.580025376,17.8720319,1.220470062,45.06072141
South East,Kent,Maidstone,63,52,565,680,84798,17,33,45,95,4491,89289,0.742942051,0.61322201,6.662892993,1.35616406,3.785348475,7.348029392,10.02004008,11.13337787,0.895967028,0.951964968,6.831748592,1.847931996,50.29734906
East of England,Essex,Maldon,25,19,146,190,37261,6,18,11,35,1375,38636,0.670942809,0.509916535,3.918306004,1.180859344,4.363636364,13.09090909,8,17.45454545,0.802360493,0.957656072,4.063567657,1.760016565,35.58857025
West Midlands,Worcestershire,Malvern Hills,42,29,265,336,45348,9,29,16,54,1698,47046,0.926170945,0.639498986,5.843697627,1.56566993,5.300353357,17.07891637,9.422850412,22.37926973,1.084045402,1.232835948,5.972877609,2.31688135,36.09233516
North West,Manchester Metropolitan Area,Manchester,86,27,1157,1270,133210,38,59,140,237,13208,146418,0.645597177,0.202687486,8.685534119,0.848284663,2.877044216,4.466989703,10.59963658,7.344033919,0.84689041,0.587359478,8.858200494,1.434249887,90.20748815
East Midlands,Nottinghamshire,Mansfield,21,14,293,328,48285,20,20,48,88,2898,51183,0.434917676,0.289945118,6.068137103,0.724862794,6.901311249,6.901311249,16.563147,13.8026225,0.801047223,0.664283063,6.662368364,1.465330285,56.62036223
South East,Medway UA,Medway UA,56,52,1011,1119,125932,49,36,93,178,5032,130964,0.444684433,0.412921259,8.028142172,0.857605692,9.737678855,7.154213037,18.48171701,16.89189189,0.801747045,0.671940381,8.429797502,1.473687426,38.42277267
East Midlands,Leicestershire,Melton,17,12,162,191,27675,1,7,12,20,999,28674,0.614272809,0.433604336,5.853658537,1.047877145,1.001001001,7.007007007,12.01201201,8.008008008,0.62774639,0.66262119,6.068215108,1.29036758,34.83992467
South West,Somerset,Mendip,36,26,291,353,61856,7,9,17,33,1991,63847,0.581996896,0.420331092,4.704474909,1.002327988,3.515821195,4.520341537,8.538422903,8.036162732,0.67348505,0.548185506,4.824032453,1.221670556,31.18392407
Wales,Merthyr Tydfil UA,Merthyr Tydfil UA,2,2,41,45,24501,2,5,4,11,1622,26123,0.081629321,0.081629321,1.673401086,0.163258643,1.233045623,3.082614057,2.466091245,4.315659679,0.15312177,0.267963098,1.722619913,0.421084868,62.09087777
London,Greater London,Merton,53,60,1461,1574,68324,16,211,300,527,5509,73833,0.775715708,0.878168725,21.38340847,1.653884433,2.904338355,38.30096206,54.45634416,41.20530042,0.934541465,3.670445465,23.85112348,4.60498693,74.61433234
South West,Devon,Mid Devon,30,22,158,210,43049,0,9,6,15,1619,44668,0.696880299,0.511045553,3.670236242,1.207925852,0,5.558987029,3.705991353,5.558987029,0.671621743,0.694009134,3.671532193,1.365630877,36.24518671
East of England,Suffolk,Mid Suffolk,37,29,229,295,58617,8,19,24,51,2490,61107,0.6312162,0.494737022,3.906716482,1.125953222,3.212851406,7.630522088,9.638554217,10.84337349,0.736413177,0.785507389,4.140278528,1.521920566,40.74819579
South East,West Sussex,Mid Sussex,105,64,508,677,78912,16,35,56,107,2297,81209,1.330596107,0.811030008,6.437550689,2.141626115,6.965607314,15.237266,24.3796256,22.20287331,1.489982637,1.219076703,6.945043037,2.709059341,28.2850423
North East,Middlesbrough UA,Middlesbrough UA,14,9,207,230,49629,6,13,10,29,3374,53003,0.282093131,0.181345584,4.170948437,0.463438715,1.778304683,3.85299348,2.963841138,5.631298162,0.377337132,0.415070845,4.094107881,0.792407977,63.65677414
Scotland,Midlothian UA,Midlothian UA,36,18,178,232,39670,11,7,13,31,2081,41751,0.907486766,0.453743383,4.487017898,1.361230149,5.285920231,3.36376742,6.246996636,8.64968765,1.12572154,0.598788053,4.574740725,1.724509593,49.84311753
South East,Milton Keynes UA,Milton Keynes UA,248,89,1767,2104,122953,136,1669,1089,2894,170347,293300,2.017030898,0.72385383,14.37134515,2.740884728,0.798370385,9.79764833,6.392833452,10.59601871,1.309239686,5.993862939,9.737470167,7.303102625,580.7944085
South East,Surrey,Mole Valley,60,50,442,552,51667,14,16,22,52,2074,53741,1.16128283,0.967735692,8.554783518,2.129018522,6.75024108,7.714561234,10.6075217,14.46480231,1.376974749,1.228112614,8.634003833,2.605087363,38.59250851
Wales,Monmouthshire UA,Monmouthshire UA,43,29,211,283,51313,5,9,6,20,1974,53287,0.83799427,0.565158927,4.112018397,1.403153197,2.532928065,4.559270517,3.039513678,7.092198582,0.900782555,0.713119523,4.0722878,1.613902077,37.04468257
Scotland,Moray UA,Moray UA,9,12,145,166,44397,3,6,22,31,2069,46466,0.2027164,0.270288533,3.265986441,0.473004933,1.449975834,2.899951667,10.63315611,4.349927501,0.258253347,0.38738002,3.594025739,0.645633366,44.52718116
Wales,Neath Port Talbot UA,Neath Port Talbot UA,31,14,169,214,64166,3,12,25,40,3970,68136,0.483121903,0.218184085,2.633793598,0.701305988,0.755667506,3.022670025,6.297229219,3.778337531,0.499001996,0.381589762,2.847246683,0.880591758,58.2658213
South East,Hampshire,New Forest,89,52,639,780,104663,21,18,31,70,3333,107996,0.850348261,0.496832692,6.105309422,1.347180952,6.300630063,5.400540054,9.300930093,11.70117012,1.018556243,0.648172155,6.203933479,1.666728397,30.86225416
East Midlands,Nottinghamshire,Newark and Sherwood,51,27,367,445,59375,8,26,20,54,2663,62038,0.858947368,0.454736842,6.181052632,1.313684211,3.00413068,9.763424709,7.510326699,12.76755539,0.951030014,0.854315097,6.238112125,1.805345111,42.92530385
North East,Tyne and Wear Metropolitan Area,Newcastle upon Tyne,92,40,427,559,85192,35,31,61,127,5917,91109,1.079913607,0.469527655,5.012207719,1.549441262,5.915159709,5.239141457,10.30927835,11.15430117,1.393934738,0.779286349,5.356221669,2.173221087,64.94418773
West Midlands,Staffordshire,Newcastle-under-Lyme,36,23,354,413,58051,5,14,28,47,2357,60408,0.620144356,0.396203338,6.098086166,1.016347694,2.121340687,5.939753924,11.87950785,8.061094612,0.678718051,0.612501655,6.32366574,1.291219706,39.01801086
London,Greater London,Newham,30,28,2311,2369,63689,6,11,497,514,4126,67815,0.471038955,0.439636358,36.28570083,0.910675313,1.454192923,2.666020359,120.4556471,4.120213282,0.530856005,0.575094006,41.40676841,1.105950011,60.84199661
Wales,Newport UA,Newport UA,46,21,305,372,65925,9,12,36,57,3323,69248,0.697762609,0.3185438,4.626469473,1.016306409,2.708396028,3.611194704,10.83358411,6.319590731,0.794246765,0.476548059,4.924329945,1.270794824,47.98694547
Scotland,North Ayrshire UA,North Ayrshire UA,38,23,213,274,57393,8,9,10,27,3963,61356,0.66210165,0.400745736,3.711253986,1.062847386,2.018672723,2.271006813,2.523340903,4.289679536,0.749722928,0.521546385,3.634526371,1.271269314,64.59026012
South West,Devon,North Devon,30,37,198,265,46533,4,23,19,46,2413,48946,0.644703759,0.795134636,4.255044807,1.439838394,1.657687526,9.531703274,7.874015748,11.1893908,0.694643076,1.225840722,4.433457279,1.920483798,49.29922772
South West,Dorset,North Dorset,32,12,158,202,40375,5,16,10,31,1328,41703,0.792569659,0.297213622,3.913312693,1.089783282,3.765060241,12.04819277,7.530120482,15.81325301,0.887226339,0.671414527,4.028487159,1.558640865,31.84423183
East Midlands,Derbyshire,North East Derbyshire,26,22,253,301,51614,3,12,26,41,2401,54015,0.503739296,0.426240942,4.901770837,0.929980238,1.249479384,4.997917534,10.82882132,6.247396918,0.536887902,0.629454781,5.16523188,1.166342683,44.45061557
Yorkshire and Humberside,North East Lincolnshire UA,North East Lincolnshire UA,12,18,315,345,65378,18,19,49,86,3469,68847,0.183547983,0.275321974,4.818134541,0.458869956,5.188815221,5.477082733,14.1251081,10.66589795,0.435748834,0.537423562,5.287085857,0.973172397,50.38709021
East of England,Hertfordshire,North Hertfordshire,93,38,537,668,68118,18,22,30,70,2619,70737,1.3652779,0.557855486,7.883378843,1.923133386,6.872852234,8.40015273,11.45475372,15.27300496,1.569192926,0.848212392,8.015607108,2.417405318,37.02447093
East Midlands,Lincolnshire,North Kesteven,37,30,360,427,61454,11,42,38,91,2902,64356,0.60207635,0.488170013,5.85804016,1.090246363,3.790489318,14.47277739,13.09441764,18.26326671,0.745851203,1.118776804,6.184349556,1.864628007,45.09292063
Scotland,North Lanarkshire UA,North Lanarkshire UA,73,33,430,536,136391,37,38,23,98,9516,145907,0.535225931,0.241951448,3.152700691,0.77717738,3.888188314,3.993274485,2.416981925,7.881462799,0.753904885,0.486611335,3.104717388,1.240516219,65.2196262
Yorkshire and Humberside,North Lincolnshire UA,North Lincolnshire UA,29,29,431,489,81970,3,28,47,78,3921,85891,0.353787971,0.353787971,5.258021227,0.707575942,0.765110941,7.14103545,11.98673808,7.906146391,0.372565228,0.663631812,5.565193094,1.03619704,45.6508831
East of England,Norfolk,North Norfolk,66,20,278,364,56620,14,5,9,28,1978,58598,1.165665842,0.353232073,4.909925821,1.518897916,7.077856421,2.527805865,4.550050556,9.605662285,1.365234308,0.426635721,4.897778081,1.79187003,33.75541827
South West,North Somerset UA,North Somerset UA,109,72,744,925,113213,34,42,35,111,5140,118353,0.962786959,0.635969367,6.571683464,1.598756327,6.614785992,8.171206226,6.809338521,14.78599222,1.208249896,0.963220197,6.582004681,2.171470094,43.42940187
North East,Tyne and Wear Metropolitan Area,North Tyneside,108,23,365,496,81494,6,15,36,57,5560,87054,1.325250939,0.282229367,4.478857339,1.607480305,1.079136691,2.697841727,6.474820144,3.776978417,1.309532015,0.436510672,4.606336297,1.746042686,63.86840352
West Midlands,Warwickshire,North Warwickshire,22,13,178,213,34866,6,26,31,63,2277,37143,0.630987208,0.372856078,5.105260139,1.003843286,2.635046113,11.41853316,13.61440492,14.05357927,0.753843254,1.049995962,5.626901435,1.803839216,61.30361037
East Midlands,Leicestershire,North West Leicestershire,32,25,247,304,51824,11,38,24,73,2435,54259,0.617474529,0.482401976,4.766131522,1.099876505,4.517453799,15.60574949,9.856262834,20.12320329,0.792495254,1.161097698,4.994563114,1.953592952,44.87734754
East Midlands,Northamptonshire,Northampton,87,32,843,962,103499,25,39,112,176,6605,110104,0.840587832,0.309181731,8.145006232,1.149769563,3.785011355,5.904617714,16.95685087,9.689629069,1.017220083,0.644844874,8.673617671,1.662064957,59.98873792
North East,Northumberland UA,Northumberland UA,236,76,533,845,150473,42,38,76,156,6840,157313,1.568387684,0.505074,3.54216371,2.073461684,6.140350877,5.555555556,11.11111111,11.69590643,1.767177538,0.724669926,3.871263023,2.491847463,43.48019553
East of England,Norfolk,Norwich,14,16,275,305,48959,13,17,57,87,3110,52069,0.285953553,0.326804061,5.616944791,0.612757614,4.180064309,5.466237942,18.32797428,9.646302251,0.518542703,0.633774415,6.376154718,1.152317118,59.72843727
East Midlands,Nottingham UA,Nottingham UA,64,39,953,1056,86366,31,55,124,210,5943,92309,0.741032351,0.451566589,11.03443485,1.192598939,5.216220764,9.254585226,20.86488306,14.47080599,1.029152087,1.018318907,11.66733471,2.047470994,64.38158793
West Midlands,Warwickshire,Nuneaton and Bedworth,36,22,295,353,61788,7,14,42,63,2661,64449,0.582637405,0.356056192,4.774389849,0.938693597,2.630590004,5.261180008,15.78354002,7.891770011,0.667194216,0.558581204,5.228940713,1.225775419,41.28846064
East Midlands,Leicestershire,Oadby and Wigston,14,11,298,323,27530,5,14,101,120,2082,29612,0.508536142,0.399564112,10.82455503,0.908100254,2.401536984,6.724303554,48.51104707,9.125840538,0.641631771,0.84425233,13.47426719,1.485884101,70.30933405
North West,Manchester Metropolitan Area,Oldham,48,19,556,623,82949,25,33,38,96,5171,88120,0.578668821,0.229056408,6.702913839,0.807725229,4.834654806,6.381744343,7.348675305,11.21639915,0.828415797,0.590104403,6.740807989,1.4185202,58.68134362
Scotland,Orkney Islands UA,Orkney Islands UA,72,12,18,102,10420,11,1,1,13,488,10908,6.909788868,1.151631478,1.727447217,8.061420345,22.54098361,2.049180328,2.049180328,24.59016393,7.609094243,1.191785845,1.741840851,8.800880088,44.73780711
South East,Oxfordshire,Oxford,49,33,607,689,46079,30,34,201,265,2305,48384,1.063391133,0.716161375,13.17302893,1.779552508,13.01518438,14.7505423,87.20173536,27.76572668,1.632771164,1.384755291,16.69973545,3.017526455,47.63971561
Wales,Pembrokeshire UA,Pembrokeshire UA,42,30,213,285,62520,8,13,12,33,3013,65533,0.671785029,0.479846449,3.406909789,1.151631478,2.655160969,4.314636575,3.982741454,6.969797544,0.762974379,0.656157966,3.433384707,1.419132346,45.9768361
North West,Lancashire,Pendle,20,12,180,212,36855,2,28,25,55,2290,39145,0.542667209,0.325600326,4.884004884,0.868267535,0.873362445,12.22707424,10.91703057,13.10043668,0.562013028,1.02184187,5.236939584,1.583854898,58.50044706
Scotland,Perth and Kinross UA,Perth and Kinross UA,66,32,260,358,71423,17,26,23,66,3836,75259,0.924072078,0.448034947,3.640283942,1.372107024,4.431699687,6.777893639,5.995828989,11.20959333,1.10285813,0.770671946,3.7603476,1.873530076,50.97064803
East of England,Peterborough UA,Peterborough UA,85,30,392,507,88446,1717,4445,1296,7458,115408,203854,0.961038374,0.339190014,4.432082853,1.300228388,14.87765146,38.51552752,11.22972411,53.39317898,8.839659756,21.95198524,8.280435998,30.791645,566.1306621
South West,Plymouth UA,Plymouth UA,30,16,665,711,105466,14,6,35,55,5098,110564,0.284451861,0.151707659,6.305349591,0.436159521,2.746174971,1.17693213,6.865437426,3.923107101,0.397959553,0.198979776,6.331174704,0.596939329,46.10904092
South West,Poole UA,Poole UA,80,51,471,602,77765,18,34,34,86,3526,81291,1.028740436,0.655822028,6.056709317,1.684562464,5.10493477,9.642654566,9.642654566,14.74758934,1.205545509,1.045626207,6.212249819,2.251171716,43.37503537
South East,Portsmouth UA,Portsmouth UA,23,13,329,365,72408,34,514,6585,7133,28901,101309,0.317644459,0.179538173,4.543696829,0.497182632,1.176429881,17.78485174,227.8467873,18.96128162,0.562635106,5.201907037,68.24665133,5.764542143,285.2757406
Wales,Powys UA,Powys UA,33,24,218,275,70863,15,16,30,61,3778,74641,0.465687312,0.338681682,3.076358607,0.804368994,3.970354685,4.235044997,7.94070937,8.205399682,0.643078201,0.535898501,3.322570705,1.178976702,50.6156134
North West,Lancashire,Preston,26,20,417,463,52383,14,32,77,123,4391,56774,0.496344234,0.381803257,7.960597904,0.878147491,3.188339786,7.287633796,17.53586882,10.47597358,0.704547856,0.915912213,8.701166027,1.62046007,77.34174094
South West,Dorset,Purbeck,19,11,120,150,25783,4,5,14,23,1118,26901,0.736919676,0.426637707,4.654229531,1.163557383,3.577817531,4.472271914,12.52236136,8.050089445,0.854986803,0.594773428,4.981227464,1.449760232,41.55979332
South East,Reading UA,Reading UA,42,25,634,701,63042,14,8,100,122,2627,65669,0.666222518,0.396561023,10.05678754,1.062783541,5.329272935,3.04529882,38.06623525,8.374571755,0.852761577,0.502520215,11.17726781,1.355281792,40.00365469
London,Greater London,Redbridge,86,47,2934,3067,101349,16,23,448,487,4311,105660,0.84855302,0.463744092,28.94947163,1.312297112,3.711435862,5.335189051,103.9202041,9.046624913,0.965360591,0.662502366,32.0083286,1.627862957,40.80068143
North East,Redcar and Cleveland UA,Redcar and Cleveland UA,21,7,195,223,60206,2,4,6,12,2719,62925,0.348802445,0.116267482,3.238879846,0.465069927,0.735564546,1.471129092,2.206693637,2.206693637,0.365514501,0.174811283,3.194278903,0.540325785,43.21017084
West Midlands,Worcestershire,Redditch,34,9,151,194,41762,5,20,16,41,2076,43838,0.814137254,0.21550692,3.615727216,1.029644174,2.408477842,9.633911368,7.707129094,12.04238921,0.889639126,0.661526529,3.80948036,1.551165655,47.35617501
South East,Surrey,Reigate and Banstead,80,69,759,908,76802,23,32,1564,1619,5846,82648,1.041639541,0.898414104,9.882555142,1.940053644,3.934314061,5.473828259,267.5333561,9.40814232,1.246249153,1.22205014,28.10715323,2.468299293,70.73371406
Scotland,Renfrewshire UA,Renfrewshire UA,54,29,324,407,73605,80,325,710,1115,38470,112075,0.733645812,0.393994973,4.401874873,1.127640785,2.079542501,8.448141409,18.45593969,10.52768391,1.195627928,3.158599152,9.225964756,4.35422708,343.2522864
Wales,"Rhondda, Cynon, Taff UA","Rhondda, Cynon, Taff UA",46,13,296,355,103375,12,13,42,67,6078,109453,0.444981862,0.125755744,2.863361548,0.570737606,1.974333662,2.138861468,6.910167818,4.11319513,0.529907814,0.237544882,3.08808347,0.767452697,55.5306844
North West,Lancashire,Ribble Valley,29,19,179,227,31849,8,7,6,21,1210,33059,0.910546642,0.596565041,5.620270652,1.507111683,6.611570248,5.785123967,4.958677686,12.39669421,1.119211107,0.78647267,5.596055537,1.905683777,36.60122811
London,Greater London,Richmond upon Thames,96,102,1393,1591,75501,16,33,173,222,2031,77532,1.271506338,1.350975484,18.45008675,2.622481821,7.877892664,16.24815362,85.17971443,24.12604628,1.444564825,1.74121653,20.19811175,3.185781355,26.19563535
Yorkshire and Humberside,North Yorkshire,Richmondshire,9,17,128,154,25408,3,10,15,28,908,26316,0.354219144,0.669080605,5.037783375,1.023299748,3.303964758,11.01321586,16.51982379,14.31718062,0.455996352,1.025991792,5.433956528,1.481988144,34.50372397
North West,Manchester Metropolitan Area,Rochdale,62,18,678,758,81854,11,21,52,84,5054,86908,0.757446185,0.219903731,8.283040536,0.977349916,2.176493866,4.155124654,10.28888009,6.33161852,0.839968703,0.448750403,8.399687025,1.288719105,58.15344962
East of England,Essex,Rochford,37,12,251,300,45860,11,2,14,27,1360,47220,0.806803314,0.26166594,5.473179241,1.068469254,8.088235294,1.470588235,10.29411765,9.558823529,1.016518424,0.29648454,5.612028801,1.313002965,28.80135536
North West,Lancashire,Rossendale,27,8,161,196,32124,1,7,13,21,1881,34005,0.840493089,0.249034989,5.011829162,1.089528079,0.531632111,3.721424774,6.911217438,4.253056885,0.823408322,0.441111601,5.116894574,1.264519924,55.31539479
South East,East Sussex,Rother,58,34,433,525,50385,4,9,12,25,1738,52123,1.151136251,0.674804009,8.593827528,1.82594026,2.301495972,5.178365938,6.904487917,7.47986191,1.189494081,0.824971702,8.537497842,2.014465783,33.34420505
Yorkshire and Humberside,South Yorkshire Metropolitan Area,Rotherham,63,35,705,803,115138,9,16,62,87,5236,120374,0.547169484,0.303983046,6.123087078,0.85115253,1.718869366,3.055767762,11.84110008,4.774637128,0.59813581,0.423679532,6.371807865,1.021815342,43.4977653
West Midlands,Warwickshire,Rugby,56,21,355,432,54505,15,13,17,45,1911,56416,1.027428676,0.385285754,6.51316393,1.41271443,7.849293564,6.802721088,8.895866039,14.65201465,1.258508225,0.60266591,6.593874078,1.861174135,33.87336926
South East,Surrey,Runnymede,61,27,442,530,43818,6,22,38,66,1691,45509,1.392121959,0.616185129,10.08717878,2.008307088,3.548196334,13.01005322,22.47191011,16.55824956,1.472236261,1.076710101,10.54736426,2.548946362,37.15748533
East Midlands,Nottinghamshire,Rushcliffe,74,26,580,680,57906,4,16,22,42,1704,59610,1.277933202,0.449003557,10.01623321,1.72693676,2.34741784,9.389671362,12.91079812,11.7370892,1.308505284,0.704579768,10.09897668,2.013085053,28.58580775
South East,Hampshire,Rushmoor,27,16,246,289,47526,50,22,627,699,61217,108743,0.568110087,0.336657829,5.176114127,0.904767917,0.816766584,0.359377297,10.24225297,1.176143882,0.708091555,0.349447781,8.028102958,1.057539336,562.9511785
East Midlands,Rutland UA,Rutland UA,14,20,142,176,21097,7,13,6,26,695,21792,0.66360146,0.948002086,6.730814808,1.611603546,10.07194245,18.70503597,8.633093525,28.77697842,0.963656388,1.514317181,6.791483113,2.477973568,31.89243759
Yorkshire and Humberside,North Yorkshire,Ryedale,28,10,120,158,28992,1,5,9,15,1431,30423,0.965783664,0.344922737,4.139072848,1.310706402,0.69881202,3.494060098,6.289308176,4.192872117,0.953226178,0.493048023,4.240212997,1.4462742,47.03678138
North West,Manchester Metropolitan Area,Salford,46,25,618,689,82937,17,41,92,150,5899,88836,0.554637858,0.301433618,7.451439044,0.856071476,2.88184438,6.950330565,15.59586371,9.832174945,0.709171957,0.742942051,7.992255392,1.452114008,66.40325994
West Midlands,West Midlands Metropolitan Area,Sandwell,44,21,520,585,116374,10,73,53,136,6992,123366,0.378091326,0.180452678,4.468352037,0.558544005,1.43020595,10.44050343,7.580091533,11.87070938,0.437721901,0.761960346,4.644715724,1.199682246,56.67688018
Yorkshire and Humberside,North Yorkshire,Scarborough,22,15,261,298,46608,2,22,25,49,2153,48761,0.47202197,0.321833162,5.599897013,0.793855132,0.928936368,10.21830005,11.6117046,11.14723641,0.492196633,0.758803142,5.865343205,1.250999774,44.15413958
Scotland,Scottish Borders UA,Scottish Borders UA,38,31,254,323,56267,15,19,13,47,3131,59398,0.675351449,0.550944603,4.514191267,1.226296053,4.790801661,6.06834877,4.152028106,10.85915043,0.892285936,0.841779184,4.495100845,1.73406512,52.71221253
South West,Somerset,Sedgemoor,33,27,271,331,64579,8,20,20,48,2465,67044,0.511002029,0.418092569,4.196410598,0.929094597,3.245436105,8.113590264,8.113590264,11.35902637,0.611538691,0.701032158,4.340433148,1.312570849,36.76689935
North West,Merseyside Metropolitan Area,Sefton,54,25,743,822,113326,28,20,88,136,6729,120055,0.476501421,0.22060251,6.556306585,0.69710393,4.161093773,2.972209838,13.07772329,7.133303611,0.683020282,0.374828204,6.921827496,1.057848486,56.04931073
Yorkshire and Humberside,North Yorkshire,Selby,29,16,198,243,46316,2,11,13,26,1507,47823,0.626133518,0.345452975,4.274980568,0.971586493,1.327140013,7.299270073,8.626410086,8.626410086,0.648223658,0.564581896,4.412102963,1.212805554,31.51203396
South East,Kent,Sevenoaks,91,69,580,740,66217,15,54,53,122,2643,68860,1.374269447,1.042028482,8.759079995,2.41629793,5.675368899,20.43132804,20.05297011,26.10669694,1.539355213,1.786232936,9.192564624,3.32558815,38.3822248
Yorkshire and Humberside,South Yorkshire Metropolitan Area,Sheffield,145,78,1562,1785,198007,55,177,191,423,14263,212270,0.732297343,0.393925467,7.888609999,1.12622281,3.856131249,12.40973147,13.39129215,16.26586272,0.942196259,1.201300231,8.258350214,2.14349649,67.19272624
South East,Kent,Shepway,39,23,295,357,51570,5,17,12,34,2300,53870,0.756253636,0.445995734,5.720380066,1.20224937,2.173913043,7.391304348,5.217391304,9.565217391,0.81678114,0.742528309,5.698904771,1.559309449,42.69537776
Scotland,Shetland Islands UA,Shetland Islands UA,8,9,41,58,10899,2,6,14,22,852,11751,0.734012295,0.825763832,3.76181301,1.559776126,2.34741784,7.042253521,16.43192488,9.389671362,0.850991405,1.276487107,4.680452727,2.127478512,72.5044677
West Midlands,Shropshire UA,Shropshire UA,129,65,685,879,162836,31,62,51,144,7952,170788,0.792208111,0.39917463,4.206686482,1.191382741,3.898390342,7.796780684,6.413480885,11.69517103,0.93683397,0.743611963,4.30943626,1.680445933,46.56064829
South East,Slough UA,Slough UA,30,19,833,882,60667,694,2383,2180,5257,112089,172756,0.494502777,0.313185092,13.73069379,0.80768787,6.191508533,21.25989169,19.44883084,27.45140023,4.190881938,13.90400333,17.44078353,18.09488527,648.8284054
West Midlands,West Midlands Metropolitan Area,Solihull,86,45,773,904,107563,39,381,556,976,61861,169424,0.799531437,0.418359473,7.186486059,1.21789091,0.630445677,6.158969302,8.98789221,6.789414979,0.737793937,2.514401738,7.844225139,3.252195675,365.1253659
Scotland,South Ayrshire UA,South Ayrshire UA,31,20,257,308,52236,11,10,18,39,2766,55002,0.593460449,0.382877709,4.919978559,0.976338158,3.976861894,3.615328995,6.507592191,7.592190889,0.763608596,0.545434711,4.999818188,1.309043308,50.2890804
South East,Buckinghamshire,South Bucks,69,51,452,572,41778,10,16,16,42,1776,43554,1.65158696,1.220738188,10.81909139,2.872325147,5.630630631,9.009009009,9.009009009,14.63963964,1.81384029,1.538320246,10.74528172,3.352160536,40.77696652
East of England,Cambridgeshire,South Cambridgeshire,139,69,661,869,86783,14,37,34,85,3252,90035,1.601696185,0.795086595,7.616699123,2.39678278,4.30504305,11.37761378,10.45510455,15.68265683,1.699339146,1.177319931,7.719220303,2.876659077,36.11928694
East Midlands,Derbyshire,South Derbyshire,40,28,302,370,52276,6,14,267,287,2098,54374,0.765169485,0.53561864,5.777029612,1.300788125,2.85986654,6.673021926,127.264061,9.532888465,0.84599257,0.772427999,10.46456027,1.618420569,38.58461765
South West,South Gloucestershire UA,South Gloucestershire UA,125,71,840,1036,145879,34,104,63,201,5620,151499,0.856874533,0.486704735,5.758196862,1.343579268,6.049822064,18.50533808,11.20996441,24.55516014,1.049511878,1.155123136,5.960435382,2.204635014,37.09595443
South West,Devon,South Hams,46,33,262,341,48150,5,15,56,76,1888,50038,0.955347871,0.685358255,5.44132918,1.640706127,2.648305085,7.944915254,29.66101695,10.59322034,1.019225389,0.959270954,6.355170071,1.978496343,37.73132419
East Midlands,Lincolnshire,South Holland,18,22,187,227,49820,5,17,6,28,2061,51881,0.361300682,0.441589723,3.753512646,0.802890405,2.426006793,8.248423096,2.911208151,10.67442989,0.443322218,0.751720283,3.720051657,1.195042501,39.72552572
East Midlands,Lincolnshire,South Kesteven,49,15,405,469,74098,6,38,24,68,2807,76905,0.661286404,0.202434614,5.465734568,0.863721018,2.137513359,13.53758461,8.550053438,15.67509797,0.715168064,0.689161953,5.578310903,1.404330018,36.4995774
North West,Cumbria,South Lakeland,37,28,286,351,54467,5,16,17,38,2614,57081,0.679310408,0.514072741,5.250885857,1.193383149,1.912777353,6.120887529,6.503442999,8.033664881,0.7357965,0.770834428,5.308246176,1.506630928,45.79457262
Scotland,South Lanarkshire UA,South Lanarkshire UA,125,55,558,738,139004,12,30,27,69,8355,147359,0.899254698,0.395672067,4.014272971,1.294926765,1.436265709,3.590664273,3.231597846,5.026929982,0.929702292,0.57682259,3.969896647,1.506524881,56.6982675
East of England,Norfolk,South Norfolk,57,33,368,458,75571,9,21,23,53,3383,78954,0.754257586,0.436675444,4.869592833,1.19093303,2.660360627,6.207508129,6.798699379,8.867868756,0.835929782,0.683942549,4.952250678,1.519872331,42.84773412
East Midlands,Northamptonshire,South Northamptonshire,59,41,323,423,54140,18,177,168,363,3075,57215,1.08976727,0.7572959,5.966014038,1.84706317,5.853658537,57.56097561,54.63414634,63.41463415,1.345800926,3.810189636,8.581665647,5.155990562,53.74464738
South East,Oxfordshire,South Oxfordshire,106,53,633,792,80528,21,19,84,124,2508,83036,1.316312339,0.658156169,7.860619909,1.974468508,8.373205742,7.575757576,33.49282297,15.94896332,1.529457103,0.867093791,8.634808999,2.396550894,30.20376704
North West,Lancashire,South Ribble,57,12,315,384,56020,9,15,26,50,2404,58424,1.017493752,0.214209211,5.622991789,1.231702963,3.743760399,6.239600666,10.81530782,9.983361065,1.129672737,0.462138847,5.836642476,1.591811584,41.14747364
South West,Somerset,South Somerset,67,44,386,497,93175,28,19,30,77,3608,96783,0.719077006,0.472229675,4.142742152,1.191306681,7.760532151,5.266075388,8.314855876,13.02660754,0.981577343,0.650940764,4.298275524,1.632518108,37.27927425
West Midlands,Staffordshire,South Staffordshire,47,25,335,407,59790,5,12,9,26,2156,61946,0.78608463,0.418130122,5.602943636,1.204214752,2.319109462,5.565862709,4.174397032,7.884972171,0.839440803,0.597294418,5.553223776,1.436735221,34.80450715
North East,Tyne and Wear Metropolitan Area,South Tyneside,75,26,206,307,54346,20,79,17,116,3037,57383,1.38004637,0.478416075,3.790527362,1.858462444,6.585446164,26.01251235,5.597629239,32.59795851,1.655542582,1.829810223,3.886168377,3.485352805,52.92508234
South East,Southampton UA,Southampton UA,34,24,594,652,91583,12,11,75,98,3871,95454,0.371247939,0.262057369,6.485919876,0.633305308,3.099974167,2.841642986,19.37483854,5.941617153,0.481907516,0.366668762,7.008611478,0.848576278,40.55356507
East of England,Southend-on-Sea UA,Southend-on-Sea UA,61,26,460,547,76729,10,12,19,41,2820,79549,0.7950058,0.338854931,5.995125702,1.133860731,3.546099291,4.255319149,6.737588652,7.80141844,0.892531647,0.477692994,6.021445901,1.370224641,35.44984852
London,Greater London,Southwark,83,61,1046,1190,54354,50,28,147,225,3514,57868,1.52702653,1.12227251,19.24421386,2.64929904,14.22879909,7.96812749,41.83266932,22.19692658,2.29833414,1.537982996,20.61588443,3.836317136,60.72440727
South East,Surrey,Spelthorne,38,32,493,563,52978,8,21,37,66,3205,56183,0.71727887,0.604024312,9.305749556,1.321303182,2.496099844,6.55226209,11.54446178,9.048361934,0.818753004,0.943345852,9.433458519,1.762098856,57.04572558
East of England,Hertfordshire,St Albans,124,62,960,1146,75508,15,27,81,123,2351,77859,1.642210097,0.821105048,12.71388462,2.463315145,6.380263718,11.48447469,34.45342407,17.86473841,1.785278516,1.143092,13.37032328,2.928370516,30.19561001
East of England,Suffolk,St. Edmundsbury,29,32,268,329,57386,12,18,31,61,2934,60320,0.505349737,0.557627296,4.670128603,1.062977033,4.08997955,6.134969325,10.5657805,10.22494888,0.679708223,0.828912467,4.956896552,1.50862069,48.64058355
North West,Merseyside Metropolitan Area,St. Helens,45,12,340,397,78117,4,13,19,36,4459,82576,0.576058988,0.15361573,4.35244569,0.729674719,0.897062122,2.915451895,4.261045077,3.812514017,0.593392753,0.302751405,4.347510172,0.896144158,53.99874055
West Midlands,Staffordshire,Stafford,51,34,463,548,67481,10,24,47,81,3444,70925,0.75576829,0.503845527,6.861190557,1.259613817,2.903600465,6.968641115,13.64692218,9.87224158,0.860063447,0.817765245,7.190694395,1.677828692,48.55833627
West Midlands,Staffordshire,Staffordshire Moorlands,43,22,263,328,52456,6,16,13,35,1814,54270,0.819734635,0.419399115,5.013725789,1.23913375,3.307607497,8.820286659,7.166482911,12.12789416,0.902892943,0.70020269,5.085682698,1.603095633,33.42546527
East of England,Hertfordshire,Stevenage,22,7,346,375,40034,5,11,16,32,1315,41349,0.549532897,0.174851376,8.642653744,0.724384273,3.802281369,8.365019011,12.16730038,12.16730038,0.652978307,0.435318871,8.754746185,1.088297178,31.80246197
Scotland,Stirling UA,Stirling UA,55,26,219,300,42343,32,210,279,521,13491,55834,1.298915996,0.614033016,5.172047328,1.912949012,2.371951671,15.56593284,20.68045364,17.93788452,1.55819035,4.226815202,8.919296486,5.785005552,241.6269656
North West,Manchester Metropolitan Area,Stockport,96,58,1286,1440,136622,24,35,96,155,7298,143920,0.702668677,0.424528992,9.412832487,1.127197669,3.288572212,4.795834475,13.15428885,8.084406687,0.833796554,0.646192329,9.602556976,1.479988883,50.70872707
North East,Stockton-on-Tees UA,Stockton-on-Tees UA,50,23,464,537,85464,14,29,64,107,3997,89461,0.585041655,0.269119161,5.429186558,0.854160816,3.50262697,7.255441581,16.01200901,10.75806855,0.715395535,0.581258873,5.902013168,1.296654408,44.6786868
West Midlands,Stoke-on-Trent UA,Stoke-on-Trent UA,48,23,534,605,99726,18,90,177,285,9316,109042,0.481318814,0.230631931,5.354671801,0.711950745,1.932159725,9.660798626,18.99957063,11.59295835,0.605271363,1.03629794,6.520423323,1.641569304,85.43497001
West Midlands,Warwickshire,Stratford-on-Avon,72,63,451,586,74446,33,33,75,141,6174,80620,0.96714397,0.846250974,6.058082368,1.813394944,5.344995141,5.344995141,12.14771623,10.68999028,1.302406351,1.190771521,6.524435624,2.493177871,76.58149343
South West,Gloucestershire,Stroud,73,35,346,454,67493,18,34,21,73,2404,69897,1.081593647,0.518572296,5.126457559,1.600165943,7.487520799,14.14309484,8.735440932,21.63061564,1.301915676,0.987166831,5.250583001,2.289082507,34.39346467
East of England,Suffolk,Suffolk Coastal,79,26,424,529,72486,6,19,24,49,3017,75503,1.089865629,0.358689954,5.849405402,1.448555583,1.988730527,6.297646669,7.954922108,8.286377196,1.125783081,0.596002808,5.933539065,1.721785889,39.95867714
North East,Tyne and Wear Metropolitan Area,Sunderland,189,30,376,595,103664,34,15,34,83,5584,109248,1.823198024,0.289396512,3.627102948,2.112594536,6.088825215,2.686246418,6.088825215,8.775071633,2.041227299,0.411906854,3.752929115,2.453134153,51.11306385
South East,Surrey,Surrey Heath,58,38,523,619,53109,8,33,19,60,1492,54601,1.092093619,0.715509612,9.847671769,1.807603231,5.361930295,22.11796247,12.73458445,27.47989276,1.20876907,1.300342485,9.926558122,2.509111555,27.32550686
London,Greater London,Sutton,51,61,1313,1425,84285,9,11,90,110,2776,87061,0.605089874,0.723734947,15.57809812,1.328824821,3.242074928,3.962536023,32.42074928,7.204610951,0.68917196,0.827006352,16.11513766,1.516178312,31.88568934
South East,Kent,Swale,37,21,390,448,69737,10,22,29,61,3079,72816,0.530564836,0.301131394,5.592440168,0.83169623,3.24780773,7.145177006,9.418642416,10.39298474,0.645462536,0.590529554,5.75422984,1.23599209,42.28466271
Wales,Swansea UA,Swansea UA,82,41,398,521,112036,38,104,94,236,12595,124631,0.731907601,0.365953801,3.552429576,1.097861402,3.017070266,8.257244938,7.463279079,11.2743152,0.962842311,1.163434459,3.947653473,2.126276769,101.0583242
South West,Swindon UA,Swindon UA,63,33,589,685,100764,275,2043,2450,4768,128697,229461,0.625223294,0.327497916,5.84534159,0.95272121,2.136801946,15.87449591,19.03696279,18.01129785,1.473017201,9.047289082,13.24408069,10.52030628,560.8665525
North West,Manchester Metropolitan Area,Tameside,41,18,558,617,90142,6,25,47,78,4905,95047,0.454837922,0.199684942,6.190233188,0.654522864,1.22324159,5.096839959,9.582059123,6.320081549,0.494492199,0.452407756,6.365271918,0.946899955,51.60604753
West Midlands,Staffordshire,Tamworth,21,12,152,185,35972,10,14,78,102,2386,38358,0.58378739,0.333592794,4.225508729,0.917380185,4.191114837,5.867560771,32.69069573,10.05867561,0.808175609,0.677824704,5.996141613,1.486000313,62.20345169
South East,Surrey,Tandridge,51,50,503,604,49052,2,25,27,54,1711,50763,1.039712958,1.019326429,10.25442388,2.059039387,1.168907072,14.6113384,15.78024547,15.78024547,1.044067529,1.477454051,10.44067529,2.521521581,33.70565175
South West,Somerset,Taunton Deane,51,26,320,397,59450,12,18,23,53,2577,62027,0.857863751,0.437342304,5.382674516,1.295206056,4.656577416,6.984866123,8.925106713,11.64144354,1.015686717,0.709368501,5.529849904,1.725055218,41.54642333
South West,Devon,Teignbridge,59,35,324,418,70527,4,21,23,48,2590,73117,0.836559048,0.496263842,4.593985282,1.332822891,1.544401544,8.108108108,8.88030888,9.652509653,0.861632726,0.765895756,4.745818346,1.627528482,35.42267872
West Midlands,Telford and Wrekin UA,Telford and Wrekin UA,60,32,372,464,79635,10,22,31,63,4437,84072,0.753437559,0.401833365,4.671312865,1.155270924,2.253775073,4.958305161,6.986702727,7.212080234,0.832619659,0.642306594,4.793510324,1.474926254,52.77619184
East of England,Essex,Tendring,45,30,312,387,70945,5,20,12,37,3199,74144,0.634294172,0.422862781,4.397772923,1.057156953,1.562988434,6.251953736,3.751172241,7.814942169,0.674363401,0.674363401,4.369874838,1.348726802,43.14577039
South East,Hampshire,Test Valley,52,38,432,522,70512,25,31,110,166,3812,74324,0.737463127,0.538915362,6.126616746,1.276378489,6.558237146,8.132214061,28.85624344,14.69045121,1.036004521,0.928367687,7.292395458,1.964372208,51.28895108
South West,Gloucestershire,Tewkesbury,41,24,315,380,49002,11,22,11,44,1971,50973,0.836700543,0.489775928,6.428309049,1.32647647,5.580923389,11.16184678,5.580923389,16.74277017,1.020147921,0.902438546,6.395542738,1.922586467,38.66752987
South East,Kent,Thanet,56,16,324,396,59796,13,10,22,45,2783,62579,0.936517493,0.267576427,5.418422637,1.204093919,4.67121811,3.5932447,7.90513834,8.26446281,1.102606306,0.41547484,5.52901133,1.518081145,44.47178766
Wales,The Vale of Glamorgan UA,The Vale of Glamorgan UA,58,30,435,523,62985,2,13,18,33,2613,65598,0.920854172,0.476303882,6.906406287,1.397158054,0.76540375,4.975124378,6.888633754,5.740528129,0.914662032,0.65550779,6.905698344,1.570169822,39.83353151
East of England,Hertfordshire,Three Rivers,75,41,687,803,49219,12,16,34,62,1778,50997,1.523801784,0.833011642,13.95802434,2.356813426,6.749156355,8.998875141,19.12260967,15.7480315,1.705982705,1.117712807,14.13808655,2.823695512,34.86479597
East of England,Thurrock UA,Thurrock UA,52,19,498,569,77786,8,15,26,49,3255,81041,0.668500758,0.244259893,6.402180341,0.912760651,2.457757296,4.608294931,7.987711214,7.066052227,0.740365988,0.419540726,6.465862958,1.159906714,40.16485483
South East,Kent,Tonbridge and Malling,71,50,541,662,67534,12,42,47,101,3693,71227,1.051322297,0.740367815,8.010779755,1.791690112,3.249390739,11.37286759,12.7267804,14.62225833,1.165288444,1.291645022,8.255296447,2.456933466,51.84831595
South West,Torbay UA,Torbay UA,37,22,409,468,62472,13,6,27,46,2979,65451,0.592265335,0.352157767,6.546933026,0.944423102,4.363880497,2.014098691,9.063444109,6.377979188,0.763930268,0.42780095,6.661471941,1.191731219,45.51496539
Wales,Torfaen UA,Torfaen UA,19,7,109,135,42685,5,8,34,47,2718,45403,0.445121237,0.163992035,2.553590254,0.609113272,1.839587932,2.943340692,12.50919794,4.782928624,0.528599432,0.330374645,3.149571614,0.858974077,59.86388565
South West,Devon,Torridge,19,32,158,209,35200,2,13,8,23,1681,36881,0.539772727,0.909090909,4.488636364,1.448863636,1.189767995,7.733491969,4.759071981,8.923259964,0.569398877,1.220140452,4.500962555,1.789539329,45.57902443
London,Greater London,Tower Hamlets,35,43,1851,1929,39776,33,28,451,512,3790,43566,0.879927595,1.081053902,46.53559936,1.960981496,8.707124011,7.387862797,118.9973615,16.09498681,1.560850204,1.629711243,52.83937015,3.190561447,86.99444521
North West,Manchester Metropolitan Area,Trafford,96,50,1036,1182,104855,29,39,86,154,5857,110712,0.915550045,0.476848982,9.880310906,1.392399027,4.951340277,6.658698993,14.68328496,11.61003927,1.129055568,0.803887564,10.13440277,1.932943132,52.90302768
South East,Kent,Tunbridge Wells,78,54,457,589,57892,13,37,69,119,2403,60295,1.34733642,0.932771367,7.894009535,2.280107787,5.409904286,15.39741989,28.71410737,20.80732418,1.509246206,1.509246206,8.723774774,3.018492412,39.85405092
East of England,Essex,Uttlesford,52,39,317,408,50152,14,18,22,54,3115,53267,1.036847982,0.777635987,6.320784814,1.814483969,4.494382022,5.778491172,7.062600321,10.27287319,1.239041057,1.070080913,6.364165431,2.30912197,58.47898324
South East,Oxfordshire,Vale of White Horse,89,50,494,633,70133,19,15,23,57,2190,72323,1.269017438,0.712931145,7.043759714,1.981948583,8.675799087,6.849315068,10.50228311,15.52511416,1.493300886,0.898745904,7.14848665,2.39204679,30.28082353
Yorkshire and Humberside,West Yorkshire Metropolitan Area,Wakefield,54,56,635,745,145313,25,63,60,148,9735,155048,0.371611625,0.385375018,4.369877437,0.756986643,2.568053416,6.471494607,6.163328197,9.039548023,0.509519633,0.767504257,4.482482844,1.277023889,62.78700789
West Midlands,West Midlands Metropolitan Area,Walsall,63,31,539,633,112174,13,30,51,94,5861,118035,0.561627472,0.276356375,4.805035035,0.837983847,2.218051527,5.118580447,8.70158676,7.336631974,0.643876816,0.516795866,4.998517389,1.160672682,49.65476342
London,Greater London,Waltham Forest,40,27,1747,1814,74945,12,12,676,700,3923,78868,0.533724731,0.360264194,23.31042765,0.893988925,3.058883508,3.058883508,172.3171043,6.117767015,0.659329513,0.494497134,30.7222194,1.153826647,49.74133996
London,Greater London,Wandsworth,108,129,1813,2050,77133,27,15,163,205,3236,80369,1.400178912,1.672435922,23.50485525,3.072614834,8.343634116,4.635352287,50.37082818,12.9789864,1.679752143,1.791735619,24.58659433,3.471487763,40.264281
North West,Warrington UA,Warrington UA,85,37,641,763,102341,26,42,66,134,5010,107351,0.830556668,0.361536432,6.263374405,1.192093101,5.189620758,8.383233533,13.17365269,13.57285429,1.0339913,0.735903718,6.585872512,1.769895017,46.66933703
West Midlands,Warwickshire,Warwick,76,31,376,483,70029,14,32,32,78,3394,73423,1.085264676,0.442673749,5.369204187,1.527938426,4.124926341,9.428403064,9.428403064,13.5533294,1.22577394,0.858041758,5.556841862,2.083815698,46.22529725
East of England,Hertfordshire,Watford,37,21,635,693,41526,149,496,279,924,19456,60982,0.891008043,0.505707268,15.29162452,1.396715311,7.658305921,25.49342105,14.34004934,33.15172697,3.050080352,8.477911515,14.98802925,11.52799187,319.0449641
East of England,Suffolk,Waveney,26,31,240,297,56927,7,17,19,43,2528,59455,0.45672528,0.544557064,4.215925659,1.001282344,2.768987342,6.724683544,7.515822785,9.493670886,0.555041628,0.807333277,4.356235809,1.362374905,42.5195526
South East,Surrey,Waverley,87,56,641,784,71922,25,63,62,150,2561,74483,1.209643781,0.778621284,8.912432913,1.988265065,9.761811792,24.59976572,24.20929324,34.36157751,1.503698831,1.597680008,9.438395339,3.101378838,34.38368487
South East,East Sussex,Wealden,115,70,781,966,91846,14,24,46,84,3352,95198,1.2520959,0.76214533,8.503364327,2.01424123,4.176610979,7.159904535,13.72315036,11.33651551,1.355070485,0.987415702,8.687157293,2.342486187,35.21082376
East Midlands,Northamptonshire,Wellingborough,18,17,208,243,39355,4,13,13,30,1691,41046,0.457375175,0.431965443,5.285224241,0.889340617,2.365464222,7.687758723,7.687758723,10.05322295,0.535984018,0.730887297,5.384203089,1.266871315,41.19768065
East of England,Hertfordshire,Welwyn Hatfield,65,33,678,776,54339,8,24,56,88,2029,56368,1.196194262,0.607298625,12.4772263,1.803492887,3.94282898,11.82848694,27.59980286,15.77131592,1.295061028,1.011212035,13.02157252,2.306273063,35.99560034
South East,West Berkshire UA,West Berkshire UA,106,63,557,726,88490,127,1649,678,2454,37490,125980,1.197875466,0.711944853,6.294496553,1.909820319,3.387570019,43.98506268,18.08482262,47.3726327,1.849499921,13.58945864,9.803143356,15.43895856,297.5869186
South West,Devon,West Devon,20,10,129,159,30939,0,12,2,14,1181,32120,0.646433304,0.323216652,4.169494812,0.969649956,0,10.16088061,1.693480102,10.16088061,0.622665006,0.684931507,4.078455791,1.307596513,36.76836862
South West,Dorset,West Dorset,46,29,248,323,56707,14,30,9,53,2400,59107,0.811187331,0.511400709,4.373357787,1.32258804,5.833333333,12.5,3.75,18.33333333,1.015108194,0.998189724,4.348046763,2.013297917,40.60432774
Scotland,West Dunbartonshire UA,West Dunbartonshire UA,12,6,142,160,35342,12,9,19,40,2197,37539,0.339539358,0.169769679,4.017882406,0.509309037,5.461993628,4.096495221,8.648156577,9.558488848,0.639335092,0.399584432,4.288872906,1.038919524,58.52579983
North West,Lancashire,West Lancashire,35,24,375,434,54518,12,17,30,59,3079,57597,0.641989802,0.440221578,6.878462159,1.08221138,3.897369276,5.521273141,9.743423189,9.418642416,0.816014723,0.711842631,7.03161623,1.527857354,53.45764536
East Midlands,Lincolnshire,West Lindsey,28,19,290,337,49528,5,21,14,40,2032,51560,0.565336779,0.383621386,5.855273785,0.948958165,2.460629921,10.33464567,6.88976378,12.79527559,0.640031032,0.77579519,5.896043445,1.415826222,39.41039566
Scotland,West Lothian UA,West Lothian UA,62,32,417,511,80780,11,17,65,93,4593,85373,0.767516712,0.396137658,5.162168854,1.16365437,2.394948835,3.701284563,14.15197039,6.096233399,0.855071275,0.573951952,5.645813079,1.429023227,53.79921052
South East,Oxfordshire,West Oxfordshire,45,37,322,404,60425,12,35,227,274,2553,62978,0.744724866,0.612329334,5.328920149,1.357054199,4.700352526,13.70936154,88.91500196,18.40971406,0.905077964,1.143256375,8.717329861,2.048334339,40.53796564
South West,Somerset,West Somerset,12,12,100,124,18910,2,1,7,10,749,19659,0.634584876,0.634584876,5.288207298,1.269169751,2.670226969,1.335113485,9.345794393,4.005340454,0.712142021,0.661274734,5.442799735,1.373416756,38.09959815
London,Greater London,Westminster,317,185,1529,2031,44115,201,136,388,725,6375,50490,7.185764479,4.193584948,34.6594129,11.37934943,31.52941176,21.33333333,60.8627451,52.8627451,10.25945732,6.357694593,37.96791444,16.61715191,126.2626263
South West,Dorset,Weymouth and Portland,16,9,108,133,30390,1,3,9,13,909,31299,0.526488977,0.296150049,3.553800592,0.822639026,1.100110011,3.300330033,9.900990099,4.400440044,0.543148343,0.383398831,3.738138599,0.926547174,29.04246142
North West,Manchester Metropolitan Area,Wigan,83,20,746,849,139099,23,38,64,125,8334,147433,0.596697316,0.143782486,5.363086722,0.740479802,2.759779218,4.559635229,7.679385649,7.319414447,0.718970651,0.393399035,5.494021013,1.112369687,56.52737176
South West,Wiltshire UA,Wiltshire UA,279,136,1325,1740,264923,45,68,177,290,12865,277788,1.053136194,0.513356711,5.001453252,1.566492905,3.497862417,5.285658764,13.75825884,8.783521182,1.166357078,0.734372975,5.407001022,1.900730053,46.31229571
South East,Hampshire,Winchester,89,54,510,653,64482,14,27,49,90,3237,67719,1.380230142,0.837443007,7.909183958,2.217673149,4.324992277,8.341056534,15.13747297,12.66604881,1.520991155,1.196119258,8.254699567,2.717110412,47.80046959
South East,Windsor and Maidenhead UA,Windsor and Maidenhead UA,103,59,795,957,81974,36,50,79,165,3193,85167,1.256495962,0.719740405,9.698196989,1.976236368,11.27466333,15.65925462,24.7416223,26.93391795,1.632087546,1.279838435,10.26219075,2.911925981,37.491047
North West,Merseyside Metropolitan Area,Wirral,80,46,951,1077,137572,19,29,72,120,9374,146946,0.58151368,0.334370366,6.912743872,0.915884046,2.026882868,3.093663324,7.680819287,5.120546192,0.673716876,0.510391572,6.961741048,1.184108448,63.79214133
South East,Surrey,Woking,51,25,716,792,53479,11,13,25,49,1647,55126,0.953645356,0.467473214,13.38843284,1.42111857,6.678809957,7.893139041,15.17911354,14.571949,1.124696151,0.689329899,13.44193303,1.814026049,29.87700903
South East,Wokingham UA,Wokingham UA,84,77,1204,1365,92799,10,38,52,100,2342,95141,0.905182168,0.829750321,12.97427774,1.734932488,4.269854825,16.22544833,22.20324509,20.49530316,0.988007273,1.208732303,13.20145889,2.196739576,24.61609611
West Midlands,West Midlands Metropolitan Area,Wolverhampton,46,15,521,582,98853,17,25,72,114,5768,104621,0.46533742,0.151740463,5.270452085,0.617077883,2.947295423,4.334257975,12.48266297,7.281553398,0.60217356,0.382332419,5.668078111,0.984505979,55.13233481
West Midlands,Worcestershire,Worcester,33,10,197,240,47183,6,8,28,42,9500,56683,0.699404447,0.211940741,4.175232605,0.911345188,0.631578947,0.842105263,2.947368421,1.473684211,0.688036978,0.317555528,3.969444101,1.005592506,167.5987509
South East,West Sussex,Worthing,34,14,288,336,50681,13,19,22,54,1612,52293,0.670862848,0.276237643,5.682602948,0.947100491,8.064516129,11.7866005,13.64764268,19.85111663,0.898781864,0.631059606,5.928135697,1.52984147,30.82630562
Wales,Wrexham UA,Wrexham UA,22,22,221,265,64595,9,7,10,26,2711,67306,0.340583637,0.340583637,3.421317439,0.681167273,3.319808189,2.582073036,3.688675765,5.901881225,0.460583009,0.430867976,3.432086292,0.891450985,40.27872701
West Midlands,Worcestershire,Wychavon,66,37,385,488,83141,107,33,35,175,5561,88702,0.793832165,0.445027123,4.630687627,1.238859287,19.24114368,5.934184499,6.293832045,25.17532818,1.950350612,0.789159207,4.734955243,2.739509819,62.69306216
South East,Buckinghamshire,Wycombe,98,79,829,1006,95582,137,67,196,400,6146,101728,1.02529765,0.826515453,8.673181143,1.851813103,22.29092092,10.90139928,31.89066059,33.19232021,2.310081787,1.435199748,10.07588864,3.745281535,60.41601132
North West,Lancashire,Wyre,54,22,408,484,54058,9,10,32,51,2610,56668,0.998927078,0.406970291,7.547449036,1.405897369,3.448275862,3.831417625,12.2605364,7.279693487,1.111738547,0.564692595,7.764523188,1.676431143,46.05773982
West Midlands,Worcestershire,Wyre Forest,41,22,182,245,52757,8,18,12,38,2878,55635,0.777148056,0.417006274,3.449779176,1.19415433,2.779708131,6.254343294,4.169562196,9.034051425,0.880740541,0.71897187,3.487013571,1.599712411,51.73002606
Yorkshire and Humberside,York UA,York UA,51,31,595,677,80427,18,24,67,109,3897,84324,0.634115409,0.3854427,7.398013105,1.019558109,4.618937644,6.158583526,17.19271234,10.77752117,0.818272378,0.652246098,7.850671221,1.470518476,46.21460083
